time,drone_id,x,y,z,target_x,target_y,target_z,formation_error,min_distance
0.1,1,0.1692,0.1067,2.0,20.0,20.0,2.0,0.0,0.0202
0.1,2,-2.0414,-2.0414,2.0,20.0,20.0,2.0,0.2575,0.0202
0.1,3,-2.0414,2.0414,2.0,20.0,20.0,2.0,0.2205,0.0202
0.1,4,19.8715,19.8468,2.0,20.0,20.0,2.0,30.7184,0.0202
0.1,5,19.8567,19.8605,2.0,20.0,20.0,2.0,28.0276,0.0202
0.2,1,0.337,0.2154,2.0,20.0,20.0,2.0,0.0,0.0869
0.2,2,-2.0469,-2.0541,2.0,20.0,20.0,2.0,0.4691,0.0869
0.2,3,-2.054,2.0849,2.0,20.0,20.0,2.0,0.4123,0.0869
0.2,4,19.7473,19.69,2.0,20.0,20.0,2.0,30.3242,0.0869
0.2,5,19.6878,19.7533,2.0,20.0,20.0,2.0,27.6303,0.0869
0.3,1,0.5034,0.3264,2.0,20.0,20.0,2.0,0.0,0.1534
0.3,2,-2.0227,-2.0435,2.0,20.0,20.0,2.0,0.6431,0.1534
0.3,3,-2.0412,2.1316,2.0,20.0,20.0,2.0,0.5784,0.1534
0.3,4,19.6229,19.5334,2.0,20.0,20.0,2.0,29.9294,0.1534
0.3,5,19.519,19.6461,2.0,20.0,20.0,2.0,27.2328,0.1534
0.4,1,0.6682,0.4397,2.0,20.0,20.0,2.0,0.0,0.2194
0.4,2,-1.9738,-2.0138,2.0,20.0,20.0,2.0,0.7861,0.2194
0.4,3,-2.0063,2.1824,2.0,20.0,20.0,2.0,0.7219,0.2194
0.4,4,19.4986,19.3767,2.0,20.0,20.0,2.0,29.5341,0.2194
0.4,5,19.3504,19.5386,2.0,20.0,20.0,2.0,26.8351,0.2194
0.5,1,0.8315,0.5552,2.0,20.0,20.0,2.0,0.0,0.2851
0.5,2,-1.9048,-1.9682,2.0,20.0,20.0,2.0,0.9034,0.2851
0.5,3,-1.9524,2.2379,2.0,20.0,20.0,2.0,0.8457,0.2851
0.5,4,19.3742,19.2201,2.0,20.0,20.0,2.0,29.1383,0.2851
0.5,5,19.182,19.4307,2.0,20.0,20.0,2.0,26.4371,0.2851
0.6,1,0.9933,0.6727,2.0,20.0,20.0,2.0,0.0,0.3503
0.6,2,-1.8193,-1.9096,2.0,20.0,20.0,2.0,0.9998,0.3503
0.6,3,-1.8825,2.2985,2.0,20.0,20.0,2.0,0.9525,0.3503
0.6,4,19.2497,19.0635,2.0,20.0,20.0,2.0,28.7421,0.3503
0.6,5,19.0138,19.3225,2.0,20.0,20.0,2.0,26.039,0.3503
0.7,1,1.1539,0.792,2.0,20.0,20.0,2.0,0.0,0.4151
0.7,2,-1.7204,-1.84,2.0,20.0,20.0,2.0,1.0788,0.4151
0.7,3,-1.799,2.3642,2.0,20.0,20.0,2.0,1.0445,0.4151
0.7,4,19.1252,18.907,2.0,20.0,20.0,2.0,28.3455,0.4151
0.7,5,18.8458,19.2139,2.0,20.0,20.0,2.0,25.6408,0.4151
0.8,1,1.3133,0.9127,2.0,20.0,20.0,2.0,0.0,0.4795
0.8,2,-1.6105,-1.7614,2.0,20.0,20.0,2.0,1.1436,0.4795
0.8,3,-1.704,2.4352,2.0,20.0,20.0,2.0,1.1238,0.4795
0.8,4,19.0007,18.7505,2.0,20.0,20.0,2.0,27.9487,0.4795
0.8,5,18.678,19.1051,2.0,20.0,20.0,2.0,25.2425,0.4795
0.9,1,1.4718,1.0348,2.0,20.0,20.0,2.0,0.0,0.5434
0.9,2,-1.4918,-1.675,2.0,20.0,20.0,2.0,1.1968,0.5434
0.9,3,-1.5994,2.5113,2.0,20.0,20.0,2.0,1.1923,0.5434
0.9,4,18.8761,18.5941,2.0,20.0,20.0,2.0,27.5517,0.5434
0.9,5,18.5104,18.9959,2.0,20.0,20.0,2.0,24.8441,0.5434
1.0,1,1.6293,1.158,2.0,20.0,20.0,2.0,0.0,0.6068
1.0,2,-1.3665,-1.5827,2.0,20.0,20.0,2.0,1.2411,0.6068
1.0,3,-1.4869,2.5922,2.0,20.0,20.0,2.0,1.2514,0.6068
1.0,4,18.7514,18.4377,2.0,20.0,20.0,2.0,27.1544,0.6068
1.0,5,18.343,18.8865,2.0,20.0,20.0,2.0,24.4456,0.6068
1.1,1,1.786,1.2823,2.0,20.0,20.0,2.0,0.0,0.6698
1.1,2,-1.2371,-1.4864,2.0,20.0,20.0,2.0,1.2797,0.6698
1.1,3,-1.3676,2.6776,2.0,20.0,20.0,2.0,1.3025,0.6698
1.1,4,18.6267,18.2814,2.0,20.0,20.0,2.0,26.757,0.6698
1.1,5,18.1758,18.7767,2.0,20.0,20.0,2.0,24.0471,0.6698
1.2,1,1.9419,1.4075,2.0,20.0,20.0,2.0,0.0,0.7324
1.2,2,-1.1041,-1.3865,2.0,20.0,20.0,2.0,1.3132,0.7324
1.2,3,-1.2429,2.7674,2.0,20.0,20.0,2.0,1.3467,0.7324
1.2,4,18.5018,18.1251,2.0,20.0,20.0,2.0,26.3594,0.7324
1.2,5,18.0088,18.6667,2.0,20.0,20.0,2.0,23.6486,0.7324
1.3,1,2.0973,1.5334,2.0,20.0,20.0,2.0,0.0,0.7945
1.3,2,-0.9681,-1.2833,2.0,20.0,20.0,2.0,1.3424,0.7945
1.3,3,-1.1135,2.8612,2.0,20.0,20.0,2.0,1.385,0.7945
1.3,4,18.3769,17.9689,2.0,20.0,20.0,2.0,25.9617,0.7945
1.3,5,17.842,18.5564,2.0,20.0,20.0,2.0,23.25,0.7945
1.4,1,2.2522,1.6599,2.0,20.0,20.0,2.0,0.0,0.8562
1.4,2,-0.8296,-1.1771,2.0,20.0,20.0,2.0,1.3678,0.8562
1.4,3,-0.9804,2.9586,2.0,20.0,20.0,2.0,1.4182,0.8562
1.4,4,18.2519,17.8128,2.0,20.0,20.0,2.0,25.5639,0.8562
1.4,5,17.6753,18.4458,2.0,20.0,20.0,2.0,22.8514,0.8562
1.5,1,2.4067,1.787,2.0,20.0,20.0,2.0,0.0,0.9174
1.5,2,-0.689,-1.0683,2.0,20.0,20.0,2.0,1.3899,0.9174
1.5,3,-0.8441,3.0594,2.0,20.0,20.0,2.0,1.447,0.9174
1.5,4,18.1268,17.6568,2.0,20.0,20.0,2.0,25.1661,0.9174
1.5,5,17.5089,18.3349,2.0,20.0,20.0,2.0,22.4528,0.9174
1.6,1,2.5608,1.9145,2.0,20.0,20.0,2.0,0.0,0.9781
1.6,2,-0.5465,-0.9571,2.0,20.0,20.0,2.0,1.4092,0.9781
1.6,3,-0.7052,3.1633,2.0,20.0,20.0,2.0,1.4721,0.9781
1.6,4,18.0015,17.5008,2.0,20.0,20.0,2.0,24.7681,0.9781
1.6,5,17.3426,18.2237,2.0,20.0,20.0,2.0,22.0541,0.9781
1.7,1,2.7146,2.0424,2.0,20.0,20.0,2.0,0.0,1.0384
1.7,2,-0.4026,-0.8438,2.0,20.0,20.0,2.0,1.4259,1.0384
1.7,3,-0.5641,3.2699,2.0,20.0,20.0,2.0,1.4939,1.0384
1.7,4,17.8762,17.345,2.0,20.0,20.0,2.0,24.3701,1.0384
1.7,5,17.1766,18.1123,2.0,20.0,20.0,2.0,21.6555,1.0384
1.8,1,2.8681,2.1706,2.0,20.0,20.0,2.0,0.0,1.0982
1.8,2,-0.2573,-0.7286,2.0,20.0,20.0,2.0,1.4405,1.0982
1.8,3,-0.4213,3.3791,2.0,20.0,20.0,2.0,1.5129,1.0982
1.8,4,17.7508,17.1892,2.0,20.0,20.0,2.0,23.9721,1.0982
1.8,5,17.0107,18.0005,2.0,20.0,20.0,2.0,21.2568,1.0982
1.9,1,3.0213,2.299,2.0,20.0,20.0,2.0,0.0,1.1575
1.9,2,-0.111,-0.6117,2.0,20.0,20.0,2.0,1.4532,1.1575
1.9,3,-0.2769,3.4905,2.0,20.0,20.0,2.0,1.5295,1.1575
1.9,4,17.6252,17.0335,2.0,20.0,20.0,2.0,23.574,1.1575
1.9,5,16.845,17.8885,2.0,20.0,20.0,2.0,20.8581,1.1575
2.0,1,3.1744,2.4278,2.0,20.0,20.0,2.0,0.0,1.2163
2.0,2,0.0362,-0.4933,2.0,20.0,20.0,2.0,1.4642,1.2163
2.0,3,-0.1313,3.604,2.0,20.0,20.0,2.0,1.5439,1.2163
2.0,4,17.4996,16.8779,2.0,20.0,20.0,2.0,23.1758,1.2163
2.0,5,16.6795,17.7762,2.0,20.0,20.0,2.0,20.4595,1.2163
2.1,1,3.3273,2.5567,2.0,20.0,20.0,2.0,0.0,1.2746
2.1,2,0.1841,-0.3736,2.0,20.0,20.0,2.0,1.4738,1.2746
2.1,3,0.0153,3.7193,2.0,20.0,20.0,2.0,1.5565,1.2746
2.1,4,17.3738,16.7225,2.0,20.0,20.0,2.0,22.7776,1.2746
2.1,5,16.5142,17.6636,2.0,20.0,20.0,2.0,20.0608,1.2746
2.2,1,3.4799,2.6859,2.0,20.0,20.0,2.0,0.0,1.3325
2.2,2,0.3327,-0.2526,2.0,20.0,20.0,2.0,1.4822,1.3325
2.2,3,0.1627,3.8363,2.0,20.0,20.0,2.0,1.5675,1.3325
2.2,4,17.2479,16.567,2.0,20.0,20.0,2.0,22.3794,1.3325
2.2,5,16.3491,17.5508,2.0,20.0,20.0,2.0,19.662,1.3325
2.3,1,3.6325,2.8153,2.0,20.0,20.0,2.0,0.0,1.3898
2.3,2,0.4819,-0.1306,2.0,20.0,20.0,2.0,1.4895,1.3898
2.3,3,0.3109,3.9548,2.0,20.0,20.0,2.0,1.5771,1.3898
2.3,4,17.1219,16.4117,2.0,20.0,20.0,2.0,21.9811,1.3898
2.3,5,16.1842,17.4376,2.0,20.0,20.0,2.0,19.2633,1.3898
2.4,1,3.7849,2.9448,2.0,20.0,20.0,2.0,0.0,1.4467
2.4,2,0.6315,-0.0076,2.0,20.0,20.0,2.0,1.4958,1.4467
2.4,3,0.4596,4.0746,2.0,20.0,20.0,2.0,1.5855,1.4467
2.4,4,16.9957,16.2565,2.0,20.0,20.0,2.0,21.5828,1.4467
2.4,5,16.0195,17.3242,2.0,20.0,20.0,2.0,18.8646,1.4467
2.5,1,3.9371,3.0745,2.0,20.0,20.0,2.0,0.0,1.503
2.5,2,0.7814,0.1162,2.0,20.0,20.0,2.0,1.5014,1.503
2.5,3,0.6087,4.1955,2.0,20.0,20.0,2.0,1.5928,1.503
2.5,4,16.8695,16.1014,2.0,20.0,20.0,2.0,21.1845,1.503
2.5,5,15.855,17.2104,2.0,20.0,20.0,2.0,18.4658,1.503
2.6,1,4.0892,3.2044,2.0,20.0,20.0,2.0,0.0,1.5589
2.6,2,0.9316,0.2408,2.0,20.0,20.0,2.0,1.5062,1.5589
2.6,3,0.7583,4.3176,2.0,20.0,20.0,2.0,1.5993,1.5589
2.6,4,16.7431,15.9464,2.0,20.0,20.0,2.0,20.7861,1.5589
2.6,5,15.6907,17.0964,2.0,20.0,20.0,2.0,18.0671,1.5589
2.7,1,4.2412,3.3344,2.0,20.0,20.0,2.0,0.0,1.6142
2.7,2,1.0821,0.366,2.0,20.0,20.0,2.0,1.5103,1.6142
2.7,3,0.9082,4.4406,2.0,20.0,20.0,2.0,1.6049,1.6142
2.7,4,16.6166,15.7915,2.0,20.0,20.0,2.0,20.3877,1.6142
2.7,5,15.5266,16.9821,2.0,20.0,20.0,2.0,17.6683,1.6142
2.8,1,4.393,3.4646,2.0,20.0,20.0,2.0,0.0,1.669
2.8,2,1.2328,0.4919,2.0,20.0,20.0,2.0,1.514,1.669
2.8,3,1.0583,4.5645,2.0,20.0,20.0,2.0,1.6098,1.669
2.8,4,16.49,15.6367,2.0,20.0,20.0,2.0,19.9893,1.669
2.8,5,15.3627,16.8674,2.0,20.0,20.0,2.0,17.2695,1.669
2.9,1,4.5448,3.5949,2.0,20.0,20.0,2.0,0.0,1.7232
2.9,2,1.3836,0.6184,2.0,20.0,20.0,2.0,1.5172,1.7232
2.9,3,1.2086,4.6892,2.0,20.0,20.0,2.0,1.6142,1.7232
2.9,4,16.3632,15.482,2.0,20.0,20.0,2.0,19.5909,1.7232
2.9,5,15.199,16.7525,2.0,20.0,20.0,2.0,16.8708,1.7232
3.0,1,4.6964,3.7253,2.0,20.0,20.0,2.0,0.0,1.7769
3.0,2,1.5346,0.7453,2.0,20.0,20.0,2.0,1.5199,1.7769
3.0,3,1.3591,4.8145,2.0,20.0,20.0,2.0,1.618,1.7769
3.0,4,16.2363,15.3274,2.0,20.0,20.0,2.0,19.1924,1.7769
3.0,5,15.0356,16.6372,2.0,20.0,20.0,2.0,16.472,1.7769
3.1,1,4.8479,3.8558,2.0,20.0,20.0,2.0,0.0,1.8301
3.1,2,1.6856,0.8727,2.0,20.0,20.0,2.0,1.5223,1.8301
3.1,3,1.5097,4.9405,2.0,20.0,20.0,2.0,1.6213,1.8301
3.1,4,16.1093,15.1729,2.0,20.0,20.0,2.0,18.7939,1.8301
3.1,5,14.8723,16.5216,2.0,20.0,20.0,2.0,16.0732,1.8301
3.2,1,4.9993,3.9865,2.0,20.0,20.0,2.0,0.0,1.8827
3.2,2,1.8367,1.0005,2.0,20.0,20.0,2.0,1.5244,1.8827
3.2,3,1.6603,5.0671,2.0,20.0,20.0,2.0,1.6242,1.8827
3.2,4,15.9822,15.0185,2.0,20.0,20.0,2.0,18.3953,1.8827
3.2,5,14.7094,16.4057,2.0,20.0,20.0,2.0,15.6744,1.8827
3.3,1,5.1506,4.1173,2.0,20.0,20.0,2.0,0.0,1.9347
3.3,2,1.9878,1.1287,2.0,20.0,20.0,2.0,1.5262,1.9347
3.3,3,1.8111,5.1942,2.0,20.0,20.0,2.0,1.6268,1.9347
3.3,4,15.8549,14.8642,2.0,20.0,20.0,2.0,17.9968,1.9347
3.3,5,14.5466,16.2895,2.0,20.0,20.0,2.0,15.2755,1.9347
3.4,1,5.3018,4.2483,2.0,20.0,20.0,2.0,0.0,1.9862
3.4,2,2.139,1.2572,2.0,20.0,20.0,2.0,1.5278,1.9862
3.4,3,1.9618,5.3217,2.0,20.0,20.0,2.0,1.6291,1.9862
3.4,4,15.7275,14.71,2.0,20.0,20.0,2.0,17.5982,1.9862
3.4,5,14.3841,16.1729,2.0,20.0,20.0,2.0,14.8767,1.9862
3.5,1,5.453,4.3791,2.0,20.0,20.0,2.0,0.0,2.0371
3.5,2,2.2902,1.3861,2.0,20.0,20.0,2.0,1.5292,2.0371
3.5,3,2.1126,5.4497,2.0,20.0,20.0,2.0,1.6311,2.0371
3.5,4,15.6,14.5559,2.0,20.0,20.0,2.0,17.1996,2.0371
3.5,5,14.2218,16.056,2.0,20.0,20.0,2.0,14.4779,2.0371
3.6,1,5.6047,4.5095,2.0,20.0,20.0,2.0,0.0,2.0877
3.6,2,2.4413,1.5152,2.0,20.0,20.0,2.0,1.5304,2.0877
3.6,3,2.2634,5.578,2.0,20.0,20.0,2.0,1.633,2.0877
3.6,4,15.4725,14.4019,2.0,20.0,20.0,2.0,16.801,2.0877
3.6,5,14.0597,15.9389,2.0,20.0,20.0,2.0,14.0791,2.0877
3.7,1,5.7516,4.6348,2.0,20.0,20.0,2.0,0.0,2.138
3.7,2,2.5926,1.6444,2.0,20.0,20.0,2.0,1.5245,2.138
3.7,3,2.4144,5.7066,2.0,20.0,20.0,2.0,1.6278,2.138
3.7,4,15.345,14.2478,2.0,20.0,20.0,2.0,16.4094,2.138
3.7,5,13.8977,15.8215,2.0,20.0,20.0,2.0,13.6872,2.138
3.8,1,5.8933,4.7546,2.0,20.0,20.0,2.0,0.0,2.188
3.8,2,2.7432,1.7732,2.0,20.0,20.0,2.0,1.5119,2.188
3.8,3,2.5646,5.8348,2.0,20.0,20.0,2.0,1.6159,2.188
3.8,4,15.2174,14.0937,2.0,20.0,20.0,2.0,16.0254,2.188
3.8,5,13.736,15.7039,2.0,20.0,20.0,2.0,13.303,2.188
3.9,1,6.0301,4.8691,2.0,20.0,20.0,2.0,0.0,2.2376
3.9,2,2.8927,1.9008,2.0,20.0,20.0,2.0,1.4938,2.2376
3.9,3,2.7136,5.9621,2.0,20.0,20.0,2.0,1.5987,2.2376
3.9,4,15.0899,13.9397,2.0,20.0,20.0,2.0,15.6485,2.2376
3.9,5,13.5744,15.586,2.0,20.0,20.0,2.0,12.9259,2.2376
4.0,1,6.1624,4.9783,2.0,20.0,20.0,2.0,0.0,2.2869
4.0,2,3.0406,2.0266,2.0,20.0,20.0,2.0,1.4711,2.2869
4.0,3,2.8606,6.088,2.0,20.0,20.0,2.0,1.5772,2.2869
4.0,4,14.9623,13.7857,2.0,20.0,20.0,2.0,15.2786,2.2869
4.0,5,13.413,15.4679,2.0,20.0,20.0,2.0,12.5557,2.2869
4.1,1,6.2905,5.0825,2.0,20.0,20.0,2.0,0.0,2.3357
4.1,2,3.1864,2.1504,2.0,20.0,20.0,2.0,1.4449,2.3357
4.1,3,3.0053,6.212,2.0,20.0,20.0,2.0,1.5522,2.3357
4.1,4,14.8347,13.6317,2.0,20.0,20.0,2.0,14.9153,2.3357
4.1,5,13.2519,15.3494,2.0,20.0,20.0,2.0,12.1922,2.3357
4.2,1,6.4144,5.1817,2.0,20.0,20.0,2.0,0.0,2.3841
4.2,2,3.33,2.2715,2.0,20.0,20.0,2.0,1.4158,2.3841
4.2,3,3.1475,6.3337,2.0,20.0,20.0,2.0,1.5245,2.3841
4.2,4,14.707,13.4777,2.0,20.0,20.0,2.0,14.5584,2.3841
4.2,5,13.091,15.2306,2.0,20.0,20.0,2.0,11.835,2.3841
4.3,1,6.5344,5.2762,2.0,20.0,20.0,2.0,0.0,2.4299
4.3,2,3.4709,2.3899,2.0,20.0,20.0,2.0,1.3844,2.4299
4.3,3,3.2869,6.4528,2.0,20.0,20.0,2.0,1.4947,2.4299
4.3,4,14.5777,13.3252,2.0,20.0,20.0,2.0,14.2074,2.4299
4.3,5,12.9304,15.1115,2.0,20.0,20.0,2.0,11.484,2.4299
4.4,1,6.6527,5.3464,2.0,20.0,20.0,2.0,0.0,2.4797
4.4,2,3.6092,2.5051,2.0,20.0,20.0,2.0,1.3404,2.4797
4.4,3,3.4235,6.5692,2.0,20.0,20.0,2.0,1.4544,2.4797
4.4,4,14.448,13.1729,2.0,20.0,20.0,2.0,13.8747,2.4797
4.4,5,12.7671,14.9959,2.0,20.0,20.0,2.0,11.1516,2.4797
4.5,1,6.7678,5.4104,2.0,20.0,20.0,2.0,0.0,2.5293
4.5,2,3.7449,2.6145,2.0,20.0,20.0,2.0,1.2961,2.5293
4.5,3,3.5561,6.6789,2.0,20.0,20.0,2.0,1.4154,2.5293
4.5,4,14.3182,13.0208,2.0,20.0,20.0,2.0,13.5488,2.5293
4.5,5,12.6038,14.8805,2.0,20.0,20.0,2.0,10.8262,2.5293
4.6,1,6.8798,5.4683,2.0,20.0,20.0,2.0,0.0,2.5788
4.6,2,3.8778,2.7179,2.0,20.0,20.0,2.0,1.2518,2.5788
4.6,3,3.6833,6.7811,2.0,20.0,20.0,2.0,1.3798,2.5788
4.6,4,14.188,12.869,2.0,20.0,20.0,2.0,13.2293,2.5788
4.6,5,12.4404,14.7652,2.0,20.0,20.0,2.0,10.5075,2.5788
4.7,1,6.9889,5.5204,2.0,20.0,20.0,2.0,0.0,2.6282
4.7,2,4.0081,2.8155,2.0,20.0,20.0,2.0,1.2079,2.6282
4.7,3,3.8058,6.8763,2.0,20.0,20.0,2.0,1.3471,2.6282
4.7,4,14.0575,12.7174,2.0,20.0,20.0,2.0,12.916,2.6282
4.7,5,12.2767,14.6503,2.0,20.0,20.0,2.0,10.1954,2.6282
4.8,1,7.0954,5.5671,2.0,20.0,20.0,2.0,0.0,2.6776
4.8,2,4.1356,2.9071,2.0,20.0,20.0,2.0,1.1648,2.6776
4.8,3,3.9241,6.9648,2.0,20.0,20.0,2.0,1.317,2.6776
4.8,4,13.9267,12.5661,2.0,20.0,20.0,2.0,12.6085,2.6776
4.8,5,12.1128,14.5357,2.0,20.0,20.0,2.0,9.8897,2.6776
4.9,1,7.2,5.6091,2.0,20.0,20.0,2.0,0.0,2.7271
4.9,2,4.2596,2.9922,2.0,20.0,20.0,2.0,1.1247,2.7271
4.9,3,4.0387,7.047,2.0,20.0,20.0,2.0,1.2903,2.7271
4.9,4,13.7954,12.4153,2.0,20.0,20.0,2.0,12.3056,2.7271
4.9,5,11.9484,14.4217,2.0,20.0,20.0,2.0,9.5892,2.7271
5.0,1,7.304,5.6476,2.0,20.0,20.0,2.0,0.0,2.7768
5.0,2,4.3795,3.0703,2.0,20.0,20.0,2.0,1.0899,2.7768
5.0,3,4.1499,7.1234,2.0,20.0,20.0,2.0,1.2676,2.7768
5.0,4,13.6635,12.2649,2.0,20.0,20.0,2.0,12.0058,2.7768
5.0,5,11.7835,14.3085,2.0,20.0,20.0,2.0,9.2926,2.7768
5.1,1,7.4072,5.6824,2.0,20.0,20.0,2.0,0.0,2.8268
5.1,2,4.4958,3.142,2.0,20.0,20.0,2.0,1.0595,2.8268
5.1,3,4.2584,7.1943,2.0,20.0,20.0,2.0,1.2482,2.8268
5.1,4,13.5309,12.1152,2.0,20.0,20.0,2.0,11.7093,2.8268
5.1,5,11.6179,14.1964,2.0,20.0,20.0,2.0,9.0003,2.8268
5.2,1,7.5097,5.7136,2.0,20.0,20.0,2.0,0.0,2.8772
5.2,2,4.6092,3.2078,2.0,20.0,20.0,2.0,1.0328,2.8772
5.2,3,4.3645,7.26,2.0,20.0,20.0,2.0,1.2317,2.8772
5.2,4,13.3973,11.9664,2.0,20.0,20.0,2.0,11.4159,2.8772
5.2,5,11.4513,14.0857,2.0,20.0,20.0,2.0,8.7125,2.8772
5.3,1,7.6115,5.7412,2.0,20.0,20.0,2.0,0.0,2.9281
5.3,2,4.7199,3.268,2.0,20.0,20.0,2.0,1.0093,2.9281
5.3,3,4.4685,7.321,2.0,20.0,20.0,2.0,1.2177,2.9281
5.3,4,13.2623,11.8187,2.0,20.0,20.0,2.0,11.1257,2.9281
5.3,5,11.2835,13.977,2.0,20.0,20.0,2.0,8.4295,2.9281
5.4,1,7.7127,5.7654,2.0,20.0,20.0,2.0,0.0,2.9794
5.4,2,4.8284,3.3232,2.0,20.0,20.0,2.0,0.9887,2.9794
5.4,3,4.5708,7.3773,2.0,20.0,20.0,2.0,1.206,2.9794
5.4,4,13.1255,11.6729,2.0,20.0,20.0,2.0,10.8387,2.9794
5.4,5,11.114,13.8708,2.0,20.0,20.0,2.0,8.1517,2.9794
5.5,1,7.8134,5.7863,2.0,20.0,20.0,2.0,0.0,3.0304
5.5,2,4.935,3.3736,2.0,20.0,20.0,2.0,0.9706,3.0304
5.5,3,4.6715,7.4293,2.0,20.0,20.0,2.0,1.1964,3.0304
5.5,4,12.9856,11.5299,2.0,20.0,20.0,2.0,10.5548,3.0304
5.5,5,10.9424,13.768,2.0,20.0,20.0,2.0,7.8795,3.0304
5.6,1,7.9139,5.804,2.0,20.0,20.0,2.0,0.0,3.0788
5.6,2,5.0398,3.4194,2.0,20.0,20.0,2.0,0.9549,3.0788
5.6,3,4.7638,7.4599,2.0,20.0,20.0,2.0,1.2004,3.0788
5.6,4,12.8405,11.3923,2.0,20.0,20.0,2.0,10.2742,3.0788
5.6,5,10.7684,13.6694,2.0,20.0,20.0,2.0,7.6138,3.0788
5.7,1,8.0142,5.8187,2.0,20.0,20.0,2.0,0.0,3.1166
5.7,2,5.1432,3.4609,2.0,20.0,20.0,2.0,0.9416,3.1166
5.7,3,4.8552,7.4867,2.0,20.0,20.0,2.0,1.2057,3.1166
5.7,4,12.6845,11.2671,2.0,20.0,20.0,2.0,9.9986,3.1166
5.7,5,10.5914,13.5763,2.0,20.0,20.0,2.0,7.3553,3.1166
5.8,1,8.1146,5.8307,2.0,20.0,20.0,2.0,0.0,3.1065
5.8,2,5.2454,3.4984,2.0,20.0,20.0,2.0,0.9306,3.1065
5.8,3,4.9457,7.5099,2.0,20.0,20.0,2.0,1.2121,3.1065
5.8,4,12.5191,11.208,2.0,20.0,20.0,2.0,9.7694,3.1065
5.8,5,10.4111,13.4898,2.0,20.0,20.0,2.0,7.1053,3.1065
5.9,1,8.2153,5.84,2.0,20.0,20.0,2.0,0.0,3.0147
5.9,2,5.3467,3.5321,2.0,20.0,20.0,2.0,0.9215,3.0147
5.9,3,5.0356,7.5294,2.0,20.0,20.0,2.0,1.2198,3.0147
5.9,4,12.4678,11.3953,2.0,20.0,20.0,2.0,9.807,3.0147
5.9,5,10.2269,13.4119,2.0,20.0,20.0,2.0,6.8658,3.0147
6.0,1,8.3162,5.8468,2.0,20.0,20.0,2.0,0.0,2.9609
6.0,2,5.4472,3.5621,2.0,20.0,20.0,2.0,0.9144,2.9609
6.0,3,5.1249,7.5453,2.0,20.0,20.0,2.0,1.2288,2.9609
6.0,4,12.3619,11.5073,2.0,20.0,20.0,2.0,9.7587,2.9609
6.0,5,10.039,13.3434,2.0,20.0,20.0,2.0,6.6386,2.9609
6.1,1,8.4176,5.8514,2.0,20.0,20.0,2.0,0.0,2.8975
6.1,2,5.5472,3.5886,2.0,20.0,20.0,2.0,0.9092,2.8975
6.1,3,5.2138,7.5579,2.0,20.0,20.0,2.0,1.2391,2.8975
6.1,4,12.264,11.6817,2.0,20.0,20.0,2.0,9.772,2.8975
6.1,5,9.8486,13.2822,2.0,20.0,20.0,2.0,6.4237,2.8975
6.2,1,8.5196,5.8541,2.0,20.0,20.0,2.0,0.0,2.8386
6.2,2,5.6469,3.6112,2.0,20.0,20.0,2.0,0.9058,2.8386
6.2,3,5.3022,7.5677,2.0,20.0,20.0,2.0,1.2506,2.8386
6.2,4,12.1269,11.8273,2.0,20.0,20.0,2.0,9.7476,2.8386
6.2,5,9.6567,13.2258,2.0,20.0,20.0,2.0,6.2207,2.8386
6.3,1,8.6221,5.855,2.0,20.0,20.0,2.0,0.0,2.7986
6.3,2,5.7464,3.6305,2.0,20.0,20.0,2.0,0.904,2.7986
6.3,3,5.3904,7.5747,2.0,20.0,20.0,2.0,1.2633,2.7986
6.3,4,11.9958,11.9783,2.0,20.0,20.0,2.0,9.7398,2.7986
6.3,5,9.4642,13.1714,2.0,20.0,20.0,2.0,6.0284,2.7986
6.4,1,8.7255,5.8544,2.0,20.0,20.0,2.0,0.0,2.7636
6.4,2,5.8461,3.6465,2.0,20.0,20.0,2.0,0.9036,2.7636
6.4,3,5.4784,7.5788,2.0,20.0,20.0,2.0,1.2772,2.7636
6.4,4,11.8469,12.1119,2.0,20.0,20.0,2.0,9.7167,2.7636
6.4,5,9.2721,13.1158,2.0,20.0,20.0,2.0,5.8453,2.7636
6.5,1,8.8295,5.8525,2.0,20.0,20.0,2.0,0.0,2.7361
6.5,2,5.9459,3.6597,2.0,20.0,20.0,2.0,0.9045,2.7361
6.5,3,5.5663,7.58,2.0,20.0,20.0,2.0,1.2923,2.7361
6.5,4,11.6919,12.2383,2.0,20.0,20.0,2.0,9.6935,2.7361
6.5,5,9.0811,13.0567,2.0,20.0,20.0,2.0,5.6703,2.7361
6.6,1,8.9345,5.8497,2.0,20.0,20.0,2.0,0.0,2.7125
6.6,2,6.046,3.6703,2.0,20.0,20.0,2.0,0.9064,2.7125
6.6,3,5.6543,7.5785,2.0,20.0,20.0,2.0,1.3086,2.7125
6.6,4,11.5278,12.3526,2.0,20.0,20.0,2.0,9.6643,2.7125
6.6,5,8.8918,12.992,2.0,20.0,20.0,2.0,5.5022,2.7125
6.7,1,9.0403,5.8462,2.0,20.0,20.0,2.0,0.0,2.6918
6.7,2,6.1461,3.6784,2.0,20.0,20.0,2.0,0.9097,2.6918
6.7,3,5.7424,7.5742,2.0,20.0,20.0,2.0,1.3261,2.6918
6.7,4,11.3564,12.4556,2.0,20.0,20.0,2.0,9.6308,2.6918
6.7,5,8.7051,12.9204,2.0,20.0,20.0,2.0,5.3403,2.6918
6.8,1,9.147,5.8422,2.0,20.0,20.0,2.0,0.0,2.673
6.8,2,6.246,3.6843,2.0,20.0,20.0,2.0,0.9146,2.673
6.8,3,5.8307,7.5673,2.0,20.0,20.0,2.0,1.3447,2.673
6.8,4,11.1783,12.5466,2.0,20.0,20.0,2.0,9.5926,2.673
6.8,5,8.5215,12.8409,2.0,20.0,20.0,2.0,5.1842,2.673
6.9,1,9.2546,5.8381,2.0,20.0,20.0,2.0,0.0,2.6554
6.9,2,6.346,3.6883,2.0,20.0,20.0,2.0,0.9208,2.6554
6.9,3,5.9192,7.5579,2.0,20.0,20.0,2.0,1.3644,2.6554
6.9,4,10.9943,12.6251,2.0,20.0,20.0,2.0,9.5497,2.6554
6.9,5,8.342,12.7528,2.0,20.0,20.0,2.0,5.0336,2.6554
7.0,1,9.363,5.8339,2.0,20.0,20.0,2.0,0.0,2.6385
7.0,2,6.4463,3.6906,2.0,20.0,20.0,2.0,0.9279,2.6385
7.0,3,6.0082,7.5461,2.0,20.0,20.0,2.0,1.3851,2.6385
7.0,4,10.8054,12.6907,2.0,20.0,20.0,2.0,9.5023,2.6385
7.0,5,8.1671,12.6557,2.0,20.0,20.0,2.0,4.8884,2.6385
7.1,1,9.4724,5.8301,2.0,20.0,20.0,2.0,0.0,2.6219
7.1,2,6.547,3.6914,2.0,20.0,20.0,2.0,0.9357,2.6219
7.1,3,6.0975,7.532,2.0,20.0,20.0,2.0,1.4068,2.6219
7.1,4,10.6124,12.7433,2.0,20.0,20.0,2.0,9.4501,2.6219
7.1,5,7.9977,12.5495,2.0,20.0,20.0,2.0,4.7485,2.6219
7.2,1,9.5826,5.8267,2.0,20.0,20.0,2.0,0.0,2.6053
7.2,2,6.6484,3.691,2.0,20.0,20.0,2.0,0.9441,2.6053
7.2,3,6.1874,7.5156,2.0,20.0,20.0,2.0,1.4295,2.6053
7.2,4,10.4163,12.7825,2.0,20.0,20.0,2.0,9.3933,2.6053
7.2,5,7.8344,12.434,2.0,20.0,20.0,2.0,4.6141,2.6053
7.3,1,9.6936,5.8241,2.0,20.0,20.0,2.0,0.0,2.5886
7.3,2,6.7504,3.6897,2.0,20.0,20.0,2.0,0.9528,2.5886
7.3,3,6.2778,7.4973,2.0,20.0,20.0,2.0,1.4531,2.5886
7.3,4,10.218,12.8081,2.0,20.0,20.0,2.0,9.3319,2.5886
7.3,5,7.6779,12.3095,2.0,20.0,20.0,2.0,4.4854,2.5886
7.4,1,9.8055,5.8225,2.0,20.0,20.0,2.0,0.0,2.5714
7.4,2,6.8532,3.6875,2.0,20.0,20.0,2.0,0.9618,2.5714
7.4,3,6.3688,7.477,2.0,20.0,20.0,2.0,1.4776,2.5714
7.4,4,10.0183,12.8202,2.0,20.0,20.0,2.0,9.2658,2.5714
7.4,5,7.5289,12.1761,2.0,20.0,20.0,2.0,4.3624,2.5714
7.5,1,9.918,5.8219,2.0,20.0,20.0,2.0,0.0,2.5538
7.5,2,6.9569,3.6847,2.0,20.0,20.0,2.0,0.9709,2.5538
7.5,3,6.4605,7.4549,2.0,20.0,20.0,2.0,1.503,2.5538
7.5,4,9.8183,12.8186,2.0,20.0,20.0,2.0,9.1952,2.5538
7.5,5,7.388,12.0341,2.0,20.0,20.0,2.0,4.2454,2.5538
7.6,1,10.0312,5.8227,2.0,20.0,20.0,2.0,0.0,2.5356
7.6,2,7.0615,3.6815,2.0,20.0,20.0,2.0,0.98,2.5356
7.6,3,6.553,7.4311,2.0,20.0,20.0,2.0,1.5293,2.5356
7.6,4,9.6189,12.8034,2.0,20.0,20.0,2.0,9.12,2.5356
7.6,5,7.2558,11.884,2.0,20.0,20.0,2.0,4.1347,2.5356
7.7,1,10.1451,5.8249,2.0,20.0,20.0,2.0,0.0,2.5168
7.7,2,7.167,3.678,2.0,20.0,20.0,2.0,0.9891,2.5168
7.7,3,6.6463,7.4058,2.0,20.0,20.0,2.0,1.5564,2.5168
7.7,4,9.421,12.7747,2.0,20.0,20.0,2.0,9.0403,2.5168
7.7,5,7.133,11.7262,2.0,20.0,20.0,2.0,4.0304,2.5168
7.8,1,10.2596,5.8288,2.0,20.0,20.0,2.0,0.0,2.4973
7.8,2,7.2735,3.6745,2.0,20.0,20.0,2.0,0.9981,2.4973
7.8,3,6.7405,7.379,2.0,20.0,20.0,2.0,1.5843,2.4973
7.8,4,9.2254,12.7327,2.0,20.0,20.0,2.0,8.9561,2.4973
7.8,5,7.0201,11.5611,2.0,20.0,20.0,2.0,3.9327,2.4973
7.9,1,10.3746,5.8345,2.0,20.0,20.0,2.0,0.0,2.477
7.9,2,7.381,3.671,2.0,20.0,20.0,2.0,1.0069,2.477
7.9,3,6.8357,7.3509,2.0,20.0,20.0,2.0,1.6131,2.477
7.9,4,9.0332,12.6777,2.0,20.0,20.0,2.0,8.8677,2.477
7.9,5,6.9175,11.3894,2.0,20.0,20.0,2.0,3.8419,2.477
8.0,1,10.49,5.842,2.0,20.0,20.0,2.0,0.0,2.456
8.0,2,7.4894,3.6677,2.0,20.0,20.0,2.0,1.0157,2.456
8.0,3,6.932,7.3216,2.0,20.0,20.0,2.0,1.6427,2.456
8.0,4,8.845,12.6098,2.0,20.0,20.0,2.0,8.775,2.456
8.0,5,6.8259,11.2116,2.0,20.0,20.0,2.0,3.7582,2.456
8.1,1,10.6059,5.8515,2.0,20.0,20.0,2.0,0.0,2.4349
8.1,2,7.5989,3.6648,2.0,20.0,20.0,2.0,1.0242,2.4349
8.1,3,7.0296,7.2858,2.0,20.0,20.0,2.0,1.6747,2.4349
8.1,4,8.6618,12.5296,2.0,20.0,20.0,2.0,8.6783,2.4349
8.1,5,6.7442,11.0291,2.0,20.0,20.0,2.0,3.6828,2.4349
8.2,1,10.7223,5.8631,2.0,20.0,20.0,2.0,0.0,2.4137
8.2,2,7.7093,3.6621,2.0,20.0,20.0,2.0,1.0327,2.4137
8.2,3,7.1294,7.2432,2.0,20.0,20.0,2.0,1.7092,2.4137
8.2,4,8.4844,12.4374,2.0,20.0,20.0,2.0,8.5776,2.4137
8.2,5,6.6728,10.8423,2.0,20.0,20.0,2.0,3.616,2.4137
8.3,1,10.8391,5.8768,2.0,20.0,20.0,2.0,0.0,2.3923
8.3,2,7.8208,3.6595,2.0,20.0,20.0,2.0,1.0413,2.3923
8.3,3,7.2321,7.1958,2.0,20.0,20.0,2.0,1.7454,2.3923
8.3,4,8.3134,12.3336,2.0,20.0,20.0,2.0,8.4731,2.3923
8.3,5,6.6121,10.6517,2.0,20.0,20.0,2.0,3.558,2.3923
8.4,1,10.9566,5.8926,2.0,20.0,20.0,2.0,0.0,2.3704
8.4,2,7.9333,3.6569,2.0,20.0,20.0,2.0,1.05,2.3704
8.4,3,7.3383,7.145,2.0,20.0,20.0,2.0,1.7826,2.3704
8.4,4,8.1497,12.2187,2.0,20.0,20.0,2.0,8.3652,2.3704
8.4,5,6.5628,10.4578,2.0,20.0,20.0,2.0,3.5086,2.3704
8.5,1,11.0747,5.9106,2.0,20.0,20.0,2.0,0.0,2.3479
8.5,2,8.047,3.6546,2.0,20.0,20.0,2.0,1.0591,2.3479
8.5,3,7.4486,7.0922,2.0,20.0,20.0,2.0,1.8204,2.3479
8.5,4,7.9938,12.0934,2.0,20.0,20.0,2.0,8.2539,2.3479
8.5,5,6.5253,10.2614,2.0,20.0,20.0,2.0,3.4678,2.3479
8.6,1,11.1934,5.9309,2.0,20.0,20.0,2.0,0.0,2.3248
8.6,2,8.1619,3.6525,2.0,20.0,20.0,2.0,1.0684,2.3248
8.6,3,7.5634,7.0384,2.0,20.0,20.0,2.0,1.8583,2.3248
8.6,4,7.8464,11.9582,2.0,20.0,20.0,2.0,8.1396,2.3248
8.6,5,6.4999,10.063,2.0,20.0,20.0,2.0,3.4352,2.3248
8.7,1,11.3127,5.9535,2.0,20.0,20.0,2.0,0.0,2.3011
8.7,2,8.2778,3.6508,2.0,20.0,20.0,2.0,1.0783,2.3011
8.7,3,7.6831,6.9846,2.0,20.0,20.0,2.0,1.8959,2.3011
8.7,4,7.7081,11.8138,2.0,20.0,20.0,2.0,8.0225,2.3011
8.7,5,6.4869,9.8634,2.0,20.0,20.0,2.0,3.4107,2.3011
8.8,1,11.4328,5.9784,2.0,20.0,20.0,2.0,0.0,2.2767
8.8,2,8.3949,3.6497,2.0,20.0,20.0,2.0,1.0887,2.2767
8.8,3,7.8081,6.9316,2.0,20.0,20.0,2.0,1.9327,2.2767
8.8,4,7.5793,11.6608,2.0,20.0,20.0,2.0,7.9028,2.2767
8.8,5,6.4865,9.6634,2.0,20.0,20.0,2.0,3.3941,2.2767
8.9,1,11.5536,6.0058,2.0,20.0,20.0,2.0,0.0,2.2517
8.9,2,8.5131,3.6494,2.0,20.0,20.0,2.0,1.0998,2.2517
8.9,3,7.9386,6.8801,2.0,20.0,20.0,2.0,1.9685,2.2517
8.9,4,7.4605,11.4998,2.0,20.0,20.0,2.0,7.7809,2.2517
8.9,5,6.4988,9.4638,2.0,20.0,20.0,2.0,3.3849,2.2517
9.0,1,11.675,6.0356,2.0,20.0,20.0,2.0,0.0,2.2262
9.0,2,8.6323,3.6501,2.0,20.0,20.0,2.0,1.1117,2.2262
9.0,3,8.075,6.8307,2.0,20.0,20.0,2.0,2.003,2.2262
9.0,4,7.3522,11.3317,2.0,20.0,20.0,2.0,7.657,2.2262
9.0,5,6.5237,9.2654,2.0,20.0,20.0,2.0,3.3828,2.2262
9.1,1,11.7973,6.068,2.0,20.0,20.0,2.0,0.0,2.2003
9.1,2,8.7525,3.6519,2.0,20.0,20.0,2.0,1.1246,2.2003
9.1,3,8.2174,6.7842,2.0,20.0,20.0,2.0,2.0357,2.2003
9.1,4,7.2546,11.1571,2.0,20.0,20.0,2.0,7.5314,2.2003
9.1,5,6.5613,9.0689,2.0,20.0,20.0,2.0,3.3873,2.2003
9.2,1,11.9204,6.1029,2.0,20.0,20.0,2.0,0.0,2.1741
9.2,2,8.8736,3.6551,2.0,20.0,20.0,2.0,1.1385,2.1741
9.2,3,8.3662,6.7411,2.0,20.0,20.0,2.0,2.0664,2.1741
9.2,4,7.1681,10.9768,2.0,20.0,20.0,2.0,7.4044,2.1741
9.2,5,6.6113,8.8753,2.0,20.0,20.0,2.0,3.398,2.1741
9.3,1,12.0443,6.1405,2.0,20.0,20.0,2.0,0.0,2.1477
9.3,2,8.9955,3.6598,2.0,20.0,20.0,2.0,1.1537,2.1477
9.3,3,8.5214,6.7019,2.0,20.0,20.0,2.0,2.095,2.1477
9.3,4,7.0928,10.7915,2.0,20.0,20.0,2.0,7.2765,2.1477
9.3,5,6.6735,8.6852,2.0,20.0,20.0,2.0,3.4145,2.1477
9.4,1,12.1691,6.1808,2.0,20.0,20.0,2.0,0.0,2.1213
9.4,2,9.1181,3.6663,2.0,20.0,20.0,2.0,1.1702,2.1213
9.4,3,8.6833,6.6673,2.0,20.0,20.0,2.0,2.121,2.1213
9.4,4,7.029,10.602,2.0,20.0,20.0,2.0,7.1479,2.1213
9.4,5,6.7476,8.4994,2.0,20.0,20.0,2.0,3.4363,2.1213
9.5,1,12.2949,6.2239,2.0,20.0,20.0,2.0,0.0,2.0951
9.5,2,9.2413,3.6747,2.0,20.0,20.0,2.0,1.1881,2.0951
9.5,3,8.852,6.6378,2.0,20.0,20.0,2.0,2.1442,2.0951
9.5,4,6.9767,10.4089,2.0,20.0,20.0,2.0,7.0189,2.0951
9.5,5,6.8333,8.3187,2.0,20.0,20.0,2.0,3.4629,2.0951
9.6,1,12.4217,6.2698,2.0,20.0,20.0,2.0,0.0,2.0694
9.6,2,9.365,3.6854,2.0,20.0,20.0,2.0,1.2076,2.0694
9.6,3,9.0277,6.614,2.0,20.0,20.0,2.0,2.1644,2.0694
9.6,4,6.9361,10.2131,2.0,20.0,20.0,2.0,6.8901,2.0694
9.6,5,6.9302,8.1438,2.0,20.0,20.0,2.0,3.4938,2.0694
9.7,1,12.5497,6.3186,2.0,20.0,20.0,2.0,0.0,2.0442
9.7,2,9.4888,3.6983,2.0,20.0,20.0,2.0,1.2289,2.0442
9.7,3,9.2103,6.5967,2.0,20.0,20.0,2.0,2.1815,2.0442
9.7,4,6.9072,10.0152,2.0,20.0,20.0,2.0,6.7616,2.0442
9.7,5,7.0378,7.9752,2.0,20.0,20.0,2.0,3.5287,2.0442
9.8,1,12.6799,6.3712,2.0,20.0,20.0,2.0,0.0,2.0199
9.8,2,9.612,3.7131,2.0,20.0,20.0,2.0,1.2544,2.0199
9.8,3,9.4,6.5864,2.0,20.0,20.0,2.0,2.1963,2.0199
9.8,4,6.8899,9.816,2.0,20.0,20.0,2.0,6.634,2.0199
9.8,5,7.1557,7.8137,2.0,20.0,20.0,2.0,3.568,2.0199
9.9,1,12.8123,6.4277,2.0,20.0,20.0,2.0,0.0,1.9966
9.9,2,9.7344,3.7302,2.0,20.0,20.0,2.0,1.2839,1.9966
9.9,3,9.5967,6.5838,2.0,20.0,20.0,2.0,2.2086,1.9966
9.9,4,6.8841,9.6161,2.0,20.0,20.0,2.0,6.5076,1.9966
9.9,5,7.2835,7.6598,2.0,20.0,20.0,2.0,3.6114,1.9966
10.0,1,12.947,6.4882,2.0,20.0,20.0,2.0,0.0,1.9746
10.0,2,9.8562,3.7501,2.0,20.0,20.0,2.0,1.3171,1.9746
10.0,3,9.7966,6.5897,2.0,20.0,20.0,2.0,2.2199,1.9746
10.0,4,6.8899,9.4161,2.0,20.0,20.0,2.0,6.3831,1.9746
10.0,5,7.4206,7.5142,2.0,20.0,20.0,2.0,3.6584,1.9746
10.1,1,13.0839,6.5529,2.0,20.0,20.0,2.0,0.0,1.9541
10.1,2,9.9774,3.7734,2.0,20.0,20.0,2.0,1.3535,1.9541
10.1,3,9.9961,6.6041,2.0,20.0,20.0,2.0,2.2319,1.9541
10.1,4,6.9071,9.2169,2.0,20.0,20.0,2.0,6.2608,1.9541
10.1,5,7.5666,7.3775,2.0,20.0,20.0,2.0,3.7085,1.9541
10.2,1,13.2226,6.6219,2.0,20.0,20.0,2.0,0.0,1.9353
10.2,2,10.0983,3.8004,2.0,20.0,20.0,2.0,1.3925,1.9353
10.2,3,10.1948,6.627,2.0,20.0,20.0,2.0,2.2441,1.9353
10.2,4,6.9355,9.0189,2.0,20.0,20.0,2.0,6.1411,1.9353
10.2,5,7.7207,7.25,2.0,20.0,20.0,2.0,3.761,1.9353
10.3,1,13.363,6.6952,2.0,20.0,20.0,2.0,0.0,1.9187
10.3,2,10.2191,3.8315,2.0,20.0,20.0,2.0,1.4333,1.9187
10.3,3,10.3923,6.6583,2.0,20.0,20.0,2.0,2.2563,1.9187
10.3,4,6.9749,8.8228,2.0,20.0,20.0,2.0,6.0243,1.9187
10.3,5,7.8824,7.1323,2.0,20.0,20.0,2.0,3.8153,1.9187
10.4,1,13.5047,6.7729,2.0,20.0,20.0,2.0,0.0,1.9044
10.4,2,10.3399,3.8672,2.0,20.0,20.0,2.0,1.4754,1.9044
10.4,3,10.5883,6.6982,2.0,20.0,20.0,2.0,2.2681,1.9044
10.4,4,7.0251,8.6292,2.0,20.0,20.0,2.0,5.9108,1.9044
10.4,5,8.051,7.0247,2.0,20.0,20.0,2.0,3.8709,1.9044
10.5,1,13.6475,6.855,2.0,20.0,20.0,2.0,0.0,1.8922
10.5,2,10.4639,3.9035,2.0,20.0,20.0,2.0,1.5186,1.8922
10.5,3,10.7823,6.7466,2.0,20.0,20.0,2.0,2.279,1.8922
10.5,4,7.0859,8.4387,2.0,20.0,20.0,2.0,5.801,1.8922
10.5,5,8.2266,6.929,2.0,20.0,20.0,2.0,3.9257,1.8922
10.6,1,13.7911,6.9415,2.0,20.0,20.0,2.0,0.0,1.8821
10.6,2,10.5922,3.94,2.0,20.0,20.0,2.0,1.5622,1.8821
10.6,3,10.9741,6.8035,2.0,20.0,20.0,2.0,2.2889,1.8821
10.6,4,7.1568,8.2517,2.0,20.0,20.0,2.0,5.6951,1.8821
10.6,5,8.4087,6.8463,2.0,20.0,20.0,2.0,3.9788,1.8821
10.7,1,13.9355,7.0325,2.0,20.0,20.0,2.0,0.0,1.8749
10.7,2,10.7246,3.9779,2.0,20.0,20.0,2.0,1.6057,1.8749
10.7,3,11.1631,6.8687,2.0,20.0,20.0,2.0,2.2975,1.8749
10.7,4,7.2377,8.0688,2.0,20.0,20.0,2.0,5.5936,1.8749
10.7,5,8.5962,6.7766,2.0,20.0,20.0,2.0,4.0299,1.8749
10.8,1,14.0802,7.1278,2.0,20.0,20.0,2.0,0.0,1.8711
10.8,2,10.8608,4.0183,2.0,20.0,20.0,2.0,1.6486,1.8711
10.8,3,11.3491,6.9423,2.0,20.0,20.0,2.0,2.3046,1.8711
10.8,4,7.3281,7.8904,2.0,20.0,20.0,2.0,5.4968,1.8711
10.8,5,8.788,6.7201,2.0,20.0,20.0,2.0,4.0787,1.8711
10.9,1,14.2252,7.2274,2.0,20.0,20.0,2.0,0.0,1.8714
10.9,2,11.0005,4.062,2.0,20.0,20.0,2.0,1.6906,1.8714
10.9,3,11.5316,7.0242,2.0,20.0,20.0,2.0,2.3098,1.8714
10.9,4,7.4277,7.7169,2.0,20.0,20.0,2.0,5.405,1.8714
10.9,5,8.9832,6.6766,2.0,20.0,20.0,2.0,4.1252,1.8714
11.0,1,14.3703,7.3312,2.0,20.0,20.0,2.0,0.0,1.8764
11.0,2,11.1433,4.1096,2.0,20.0,20.0,2.0,1.7314,1.8764
11.0,3,11.71,7.1145,2.0,20.0,20.0,2.0,2.313,1.8764
11.0,4,7.5361,7.5489,2.0,20.0,20.0,2.0,5.3185,1.8764
11.0,5,9.1808,6.6457,2.0,20.0,20.0,2.0,4.1694,1.8764
11.1,1,14.5152,7.4392,2.0,20.0,20.0,2.0,0.0,1.8864
11.1,2,11.2889,4.1614,2.0,20.0,20.0,2.0,1.7709,1.8864
11.1,3,11.8842,7.2129,2.0,20.0,20.0,2.0,2.314,1.8864
11.1,4,7.6532,7.3867,2.0,20.0,20.0,2.0,5.2375,1.8864
11.1,5,9.38,6.6273,2.0,20.0,20.0,2.0,4.2114,1.8864
11.2,1,14.6598,7.5511,2.0,20.0,20.0,2.0,0.0,1.9019
11.2,2,11.4513,4.2076,2.0,20.0,20.0,2.0,1.807,1.9019
11.2,3,12.0535,7.3193,2.0,20.0,20.0,2.0,2.3126,1.9019
11.2,4,7.7786,7.2309,2.0,20.0,20.0,2.0,5.1622,1.9019
11.2,5,9.5799,6.6206,2.0,20.0,20.0,2.0,4.2513,1.9019
11.3,1,14.8039,7.6669,2.0,20.0,20.0,2.0,0.0,1.923
11.3,2,11.6147,4.2613,2.0,20.0,20.0,2.0,1.8411,1.923
11.3,3,12.2177,7.4335,2.0,20.0,20.0,2.0,2.309,1.923
11.3,4,7.912,7.0819,2.0,20.0,20.0,2.0,5.0925,1.923
11.3,5,9.7798,6.6249,2.0,20.0,20.0,2.0,4.2894,1.923
11.4,1,14.9474,7.7864,2.0,20.0,20.0,2.0,0.0,1.9494
11.4,2,11.7789,4.3222,2.0,20.0,20.0,2.0,1.8733,1.9494
11.4,3,12.3764,7.5553,2.0,20.0,20.0,2.0,2.303,1.9494
11.4,4,8.0532,6.9402,2.0,20.0,20.0,2.0,5.0284,1.9494
11.4,5,9.9793,6.6396,2.0,20.0,20.0,2.0,4.3257,1.9494
11.5,1,15.09,7.9095,2.0,20.0,20.0,2.0,0.0,1.981
11.5,2,11.9436,4.3899,2.0,20.0,20.0,2.0,1.9035,1.981
11.5,3,12.5293,7.6842,2.0,20.0,20.0,2.0,2.2949,1.981
11.5,4,8.2019,6.8065,2.0,20.0,20.0,2.0,4.9698,1.981
11.5,5,10.1777,6.6645,2.0,20.0,20.0,2.0,4.3602,1.981
11.6,1,15.2317,8.0361,2.0,20.0,20.0,2.0,0.0,2.017
11.6,2,12.1087,4.4641,2.0,20.0,20.0,2.0,1.9319,2.017
11.6,3,12.6762,7.8199,2.0,20.0,20.0,2.0,2.2847,2.017
11.6,4,8.3578,6.6812,2.0,20.0,20.0,2.0,4.9165,2.017
11.6,5,10.3747,6.6991,2.0,20.0,20.0,2.0,4.3929,2.017
11.7,1,15.3722,8.166,2.0,20.0,20.0,2.0,0.0,2.0571
11.7,2,12.2738,4.5447,2.0,20.0,20.0,2.0,1.9583,2.0571
11.7,3,12.8169,7.962,2.0,20.0,20.0,2.0,2.2729,2.0571
11.7,4,8.5204,6.5648,2.0,20.0,20.0,2.0,4.8682,2.0571
11.7,5,10.5698,6.7432,2.0,20.0,20.0,2.0,4.4237,2.0571
11.8,1,15.5114,8.2991,2.0,20.0,20.0,2.0,0.0,2.1006
11.8,2,12.4388,4.6313,2.0,20.0,20.0,2.0,1.983,2.1006
11.8,3,12.9514,8.11,2.0,20.0,20.0,2.0,2.2596,2.1006
11.8,4,8.6894,6.4579,2.0,20.0,20.0,2.0,4.8246,2.1006
11.8,5,10.7626,6.7964,2.0,20.0,20.0,2.0,4.4525,2.1006
11.9,1,15.6491,8.4354,2.0,20.0,20.0,2.0,0.0,2.1469
11.9,2,12.6032,4.7239,2.0,20.0,20.0,2.0,2.0058,2.1469
11.9,3,13.0797,8.2634,2.0,20.0,20.0,2.0,2.2454,2.1469
11.9,4,8.8643,6.3608,2.0,20.0,20.0,2.0,4.7854,2.1469
11.9,5,10.9527,6.8584,2.0,20.0,20.0,2.0,4.4795,2.1469
12.0,1,15.7851,8.5748,2.0,20.0,20.0,2.0,0.0,2.1954
12.0,2,12.767,4.8223,2.0,20.0,20.0,2.0,2.0268,2.1954
12.0,3,13.2019,8.4218,2.0,20.0,20.0,2.0,2.2306,2.1954
12.0,4,9.0444,6.274,2.0,20.0,20.0,2.0,4.7502,2.1954
12.0,5,11.1399,6.929,2.0,20.0,20.0,2.0,4.5044,2.1954
12.1,1,15.9194,8.7173,2.0,20.0,20.0,2.0,0.0,2.2456
12.1,2,12.93,4.9262,2.0,20.0,20.0,2.0,2.0462,2.2456
12.1,3,13.318,8.5846,2.0,20.0,20.0,2.0,2.2158,2.2456
12.1,4,9.2293,6.1976,2.0,20.0,20.0,2.0,4.7188,2.2456
12.1,5,11.3236,7.0081,2.0,20.0,20.0,2.0,4.5273,2.2456
12.2,1,16.0374,8.8546,2.0,20.0,20.0,2.0,0.0,2.2971
12.2,2,13.0957,5.0343,2.0,20.0,20.0,2.0,2.0495,2.2971
12.2,3,13.4284,8.7514,2.0,20.0,20.0,2.0,2.1896,2.2971
12.2,4,9.4182,6.1319,2.0,20.0,20.0,2.0,4.6754,2.2971
12.2,5,11.5035,7.0953,2.0,20.0,20.0,2.0,4.5335,2.2971
12.3,1,16.1557,8.9947,2.0,20.0,20.0,2.0,0.0,2.3497
12.3,2,13.2613,5.1463,2.0,20.0,20.0,2.0,2.0534,2.3497
12.3,3,13.5327,8.9221,2.0,20.0,20.0,2.0,2.1643,2.3497
12.3,4,9.6104,6.0767,2.0,20.0,20.0,2.0,4.637,2.3497
12.3,5,11.6795,7.1905,2.0,20.0,20.0,2.0,4.5392,2.3497
12.4,1,16.2737,9.1378,2.0,20.0,20.0,2.0,0.0,2.4031
12.4,2,13.4247,5.2617,2.0,20.0,20.0,2.0,2.0592,2.4031
12.4,3,13.6312,9.0961,2.0,20.0,20.0,2.0,2.1404,2.4031
12.4,4,9.8054,6.0322,2.0,20.0,20.0,2.0,4.603,2.4031
12.4,5,11.851,7.2933,2.0,20.0,20.0,2.0,4.5442,2.4031
12.5,1,16.3913,9.2839,2.0,20.0,20.0,2.0,0.0,2.4568
12.5,2,13.5855,5.3807,2.0,20.0,20.0,2.0,2.0668,2.4568
12.5,3,13.7246,9.273,2.0,20.0,20.0,2.0,2.1186,2.4568
12.5,4,10.0026,5.9985,2.0,20.0,20.0,2.0,4.5731,2.4568
12.5,5,12.0179,7.4035,2.0,20.0,20.0,2.0,4.5487,2.4568
12.6,1,16.5082,9.4332,2.0,20.0,20.0,2.0,0.0,2.5105
12.6,2,13.7434,5.5035,2.0,20.0,20.0,2.0,2.0757,2.5105
12.6,3,13.8134,9.4522,2.0,20.0,20.0,2.0,2.0993,2.5105
12.6,4,10.2013,5.9757,2.0,20.0,20.0,2.0,4.5469,2.5105
12.6,5,12.1798,7.5209,2.0,20.0,20.0,2.0,4.5527,2.5105
12.7,1,16.624,9.5859,2.0,20.0,20.0,2.0,0.0,2.5282
12.7,2,13.8981,5.6301,2.0,20.0,20.0,2.0,2.0861,2.5282
12.7,3,13.8982,9.6333,2.0,20.0,20.0,2.0,2.0831,2.5282
12.7,4,10.4009,5.9637,2.0,20.0,20.0,2.0,4.524,2.5282
12.7,5,12.3366,7.6451,2.0,20.0,20.0,2.0,4.5566,2.5282
12.8,1,16.7387,9.7422,2.0,20.0,20.0,2.0,0.0,2.5273
12.8,2,14.0496,5.7607,2.0,20.0,20.0,2.0,2.0979,2.5273
12.8,3,13.9795,9.816,2.0,20.0,20.0,2.0,2.0704,2.5273
12.8,4,10.6009,5.9625,2.0,20.0,20.0,2.0,4.5043,2.5273
12.8,5,12.488,7.7758,2.0,20.0,20.0,2.0,4.5605,2.5273
12.9,1,16.8521,9.9023,2.0,20.0,20.0,2.0,0.0,2.5267
12.9,2,14.1988,5.8939,2.0,20.0,20.0,2.0,2.112,2.5267
12.9,3,14.0574,10.0002,2.0,20.0,20.0,2.0,2.0614,2.5267
12.9,4,10.8007,5.972,2.0,20.0,20.0,2.0,4.4878,2.5267
12.9,5,12.6338,7.9127,2.0,20.0,20.0,2.0,4.5649,2.5267
13.0,1,16.9641,10.0664,2.0,20.0,20.0,2.0,0.0,2.5265
13.0,2,14.3454,6.03,2.0,20.0,20.0,2.0,2.1283,2.5265
13.0,3,14.1324,10.1856,2.0,20.0,20.0,2.0,2.0565,2.5265
13.0,4,10.9997,5.992,2.0,20.0,20.0,2.0,4.4743,2.5265
13.0,5,12.7739,8.0554,2.0,20.0,20.0,2.0,4.57,2.5265
13.1,1,17.0738,10.2336,2.0,20.0,20.0,2.0,0.0,2.5266
13.1,2,14.4889,6.1692,2.0,20.0,20.0,2.0,2.1456,2.5266
13.1,3,14.2051,10.372,2.0,20.0,20.0,2.0,2.0544,2.5266
13.1,4,11.1973,6.0224,2.0,20.0,20.0,2.0,4.4628,2.5266
13.1,5,12.9084,8.2034,2.0,20.0,20.0,2.0,4.5751,2.5266
13.2,1,17.1805,10.4028,2.0,20.0,20.0,2.0,0.0,2.527
13.2,2,14.6293,6.3118,2.0,20.0,20.0,2.0,2.1625,2.527
13.2,3,14.2761,10.5589,2.0,20.0,20.0,2.0,2.0537,2.527
13.2,4,11.3932,6.0627,2.0,20.0,20.0,2.0,4.4519,2.527
13.2,5,13.0372,8.3564,2.0,20.0,20.0,2.0,4.579,2.527
13.3,1,17.2842,10.5738,2.0,20.0,20.0,2.0,0.0,2.5276
13.3,2,14.7662,6.4575,2.0,20.0,20.0,2.0,2.1788,2.5276
13.3,3,14.3458,10.7464,2.0,20.0,20.0,2.0,2.0543,2.5276
13.3,4,11.5869,6.1128,2.0,20.0,20.0,2.0,4.4415,2.5276
13.3,5,13.1603,8.514,2.0,20.0,20.0,2.0,4.5818,2.5276
13.4,1,17.3849,10.7466,2.0,20.0,20.0,2.0,0.0,2.5283
13.4,2,14.8996,6.6065,2.0,20.0,20.0,2.0,2.1944,2.5283
13.4,3,14.4147,10.9341,2.0,20.0,20.0,2.0,2.0558,2.5283
13.4,4,11.7778,6.1722,2.0,20.0,20.0,2.0,4.4316,2.5283
13.4,5,13.2779,8.6758,2.0,20.0,20.0,2.0,4.5837,2.5283
13.5,1,17.4829,10.9209,2.0,20.0,20.0,2.0,0.0,2.5291
13.5,2,15.0294,6.7587,2.0,20.0,20.0,2.0,2.2093,2.5291
13.5,3,14.4832,11.1221,2.0,20.0,20.0,2.0,2.058,2.5291
13.5,4,11.9658,6.2405,2.0,20.0,20.0,2.0,4.4221,2.5291
13.5,5,13.3901,8.8414,2.0,20.0,20.0,2.0,4.585,2.5291
13.6,1,17.5785,11.0966,2.0,20.0,20.0,2.0,0.0,2.5299
13.6,2,15.1555,6.9139,2.0,20.0,20.0,2.0,2.2233,2.5299
13.6,3,14.5515,11.31,2.0,20.0,20.0,2.0,2.0607,2.5299
13.6,4,12.1504,6.3174,2.0,20.0,20.0,2.0,4.4131,2.5299
13.6,5,13.497,9.0104,2.0,20.0,20.0,2.0,4.5858,2.5299
13.7,1,17.6722,11.2733,2.0,20.0,20.0,2.0,0.0,2.5306
13.7,2,15.2701,7.0778,2.0,20.0,20.0,2.0,2.232,2.5306
13.7,3,14.62,11.4979,2.0,20.0,20.0,2.0,2.0638,2.5306
13.7,4,12.3314,6.4025,2.0,20.0,20.0,2.0,4.4048,2.5306
13.7,5,13.599,9.1825,2.0,20.0,20.0,2.0,4.5862,2.5306
13.8,1,17.7643,11.4509,2.0,20.0,20.0,2.0,0.0,2.5312
13.8,2,15.3827,7.2431,2.0,20.0,20.0,2.0,2.2405,2.5312
13.8,3,14.6891,11.6856,2.0,20.0,20.0,2.0,2.0669,2.5312
13.8,4,12.5086,6.4954,2.0,20.0,20.0,2.0,4.3971,2.5312
13.8,5,13.696,9.3574,2.0,20.0,20.0,2.0,4.5863,2.5312
13.9,1,17.8547,11.6293,2.0,20.0,20.0,2.0,0.0,2.5317
13.9,2,15.493,7.4099,2.0,20.0,20.0,2.0,2.2486,2.5317
13.9,3,14.759,11.873,2.0,20.0,20.0,2.0,2.07,2.5317
13.9,4,12.6817,6.5955,2.0,20.0,20.0,2.0,4.3899,2.5317
13.9,5,13.7885,9.5347,2.0,20.0,20.0,2.0,4.5864,2.5317
14.0,1,17.9435,11.8085,2.0,20.0,20.0,2.0,0.0,2.5321
14.0,2,15.601,7.5783,2.0,20.0,20.0,2.0,2.2563,2.5321
14.0,3,14.8299,12.06,2.0,20.0,20.0,2.0,2.073,2.5321
14.0,4,12.8506,6.7026,2.0,20.0,20.0,2.0,4.3832,2.5321
14.0,5,13.8768,9.7141,2.0,20.0,20.0,2.0,4.5864,2.5321
14.1,1,18.0307,11.9884,2.0,20.0,20.0,2.0,0.0,2.5324
14.1,2,15.7066,7.7482,2.0,20.0,20.0,2.0,2.2636,2.5324
14.1,3,14.9018,12.2466,2.0,20.0,20.0,2.0,2.0756,2.5324
14.1,4,13.0153,6.8161,2.0,20.0,20.0,2.0,4.3768,2.5324
14.1,5,13.9612,9.8954,2.0,20.0,20.0,2.0,4.5864,2.5324
14.2,1,18.1166,12.1691,2.0,20.0,20.0,2.0,0.0,2.5325
14.2,2,15.8097,7.9195,2.0,20.0,20.0,2.0,2.2704,2.5325
14.2,3,14.975,12.4327,2.0,20.0,20.0,2.0,2.078,2.5325
14.2,4,13.1755,6.9358,2.0,20.0,20.0,2.0,4.3708,2.5325
14.2,5,14.0423,10.0783,2.0,20.0,20.0,2.0,4.5866,2.5325
14.3,1,18.2011,12.3503,2.0,20.0,20.0,2.0,0.0,2.5326
14.3,2,15.9104,8.0923,2.0,20.0,20.0,2.0,2.2766,2.5326
14.3,3,15.0495,12.6184,2.0,20.0,20.0,2.0,2.0799,2.5326
14.3,4,13.3313,7.0612,2.0,20.0,20.0,2.0,4.3651,2.5326
14.3,5,14.1203,10.2624,2.0,20.0,20.0,2.0,4.587,2.5326
14.4,1,18.2843,12.5322,2.0,20.0,20.0,2.0,0.0,2.5325
14.4,2,16.0087,8.2665,2.0,20.0,20.0,2.0,2.2824,2.5325
14.4,3,15.1251,12.8035,2.0,20.0,20.0,2.0,2.0814,2.5325
14.4,4,13.4826,7.192,2.0,20.0,20.0,2.0,4.3596,2.5325
14.4,5,14.1956,10.4477,2.0,20.0,20.0,2.0,4.5876,2.5325
14.5,1,18.3664,12.7146,2.0,20.0,20.0,2.0,0.0,2.5325
14.5,2,16.1046,8.442,2.0,20.0,20.0,2.0,2.2876,2.5325
14.5,3,15.202,12.9882,2.0,20.0,20.0,2.0,2.0824,2.5325
14.5,4,13.6294,7.3279,2.0,20.0,20.0,2.0,4.3544,2.5325
14.5,5,14.2687,10.6339,2.0,20.0,20.0,2.0,4.5883,2.5325
14.6,1,18.4473,12.8975,2.0,20.0,20.0,2.0,0.0,2.5325
14.6,2,16.1982,8.6187,2.0,20.0,20.0,2.0,2.2923,2.5325
14.6,3,15.2799,13.1723,2.0,20.0,20.0,2.0,2.083,2.5325
14.6,4,13.7717,7.4684,2.0,20.0,20.0,2.0,4.3494,2.5325
14.6,5,14.3398,10.8208,2.0,20.0,20.0,2.0,4.5892,2.5325
14.7,1,18.5272,13.0808,2.0,20.0,20.0,2.0,0.0,2.5325
14.7,2,16.2897,8.7966,2.0,20.0,20.0,2.0,2.2965,2.5325
14.7,3,15.36,13.3556,2.0,20.0,20.0,2.0,2.083,2.5325
14.7,4,13.9096,7.6132,2.0,20.0,20.0,2.0,4.3447,2.5325
14.7,5,14.4094,11.0083,2.0,20.0,20.0,2.0,4.5903,2.5325
14.8,1,18.6062,13.2646,2.0,20.0,20.0,2.0,0.0,2.5326
14.8,2,16.379,8.9755,2.0,20.0,20.0,2.0,2.3003,2.5326
14.8,3,15.4408,13.5385,2.0,20.0,20.0,2.0,2.0826,2.5326
14.8,4,14.0432,7.7621,2.0,20.0,20.0,2.0,4.3401,2.5326
14.8,5,14.4777,11.1963,2.0,20.0,20.0,2.0,4.5914,2.5326
14.9,1,18.6842,13.4487,2.0,20.0,20.0,2.0,0.0,2.5327
14.9,2,16.4664,9.1555,2.0,20.0,20.0,2.0,2.3036,2.5327
14.9,3,15.5224,13.7212,2.0,20.0,20.0,2.0,2.0819,2.5327
14.9,4,14.1725,7.9146,2.0,20.0,20.0,2.0,4.3357,2.5327
14.9,5,14.5451,11.3846,2.0,20.0,20.0,2.0,4.5927,2.5327
15.0,1,18.7614,13.6332,2.0,20.0,20.0,2.0,0.0,2.533
15.0,2,16.5518,9.3363,2.0,20.0,20.0,2.0,2.3065,2.533
15.0,3,15.6044,13.9036,2.0,20.0,20.0,2.0,2.081,2.533
15.0,4,14.2977,8.0706,2.0,20.0,20.0,2.0,4.3315,2.533
15.0,5,14.6118,11.5731,2.0,20.0,20.0,2.0,4.594,2.533
15.1,1,18.8377,13.8181,2.0,20.0,20.0,2.0,0.0,2.5335
15.1,2,16.6355,9.5179,2.0,20.0,20.0,2.0,2.309,2.5335
15.1,3,15.6867,14.0858,2.0,20.0,20.0,2.0,2.0798,2.5335
15.1,4,14.4188,8.2298,2.0,20.0,20.0,2.0,4.3275,2.5335
15.1,5,14.6781,11.7618,2.0,20.0,20.0,2.0,4.5953,2.5335
15.2,1,18.9133,14.0033,2.0,20.0,20.0,2.0,0.0,2.534
15.2,2,16.7174,9.7004,2.0,20.0,20.0,2.0,2.3112,2.534
15.2,3,15.7693,14.268,2.0,20.0,20.0,2.0,2.0784,2.534
15.2,4,14.5361,8.3918,2.0,20.0,20.0,2.0,4.3236,2.534
15.2,5,14.7442,11.9506,2.0,20.0,20.0,2.0,4.5966,2.534
15.3,1,18.9879,14.1888,2.0,20.0,20.0,2.0,0.0,2.5251
15.3,2,16.7978,9.8835,2.0,20.0,20.0,2.0,2.3131,2.5251
15.3,3,15.852,14.4501,2.0,20.0,20.0,2.0,2.0769,2.5251
15.3,4,14.6496,8.5565,2.0,20.0,20.0,2.0,4.3199,2.5251
15.3,5,14.8103,12.1394,2.0,20.0,20.0,2.0,4.5978,2.5251
15.4,1,19.0617,14.3747,2.0,20.0,20.0,2.0,0.0,2.5076
15.4,2,16.8767,10.0673,2.0,20.0,20.0,2.0,2.3148,2.5076
15.4,3,15.9346,14.6323,2.0,20.0,20.0,2.0,2.0752,2.5076
15.4,4,14.7596,8.7235,2.0,20.0,20.0,2.0,4.3164,2.5076
15.4,5,14.8765,12.3281,2.0,20.0,20.0,2.0,4.599,2.5076
15.5,1,19.1347,14.5609,2.0,20.0,20.0,2.0,0.0,2.4913
15.5,2,16.9542,10.2517,2.0,20.0,20.0,2.0,2.3163,2.4913
15.5,3,16.017,14.8145,2.0,20.0,20.0,2.0,2.0735,2.4913
15.5,4,14.8662,8.8927,2.0,20.0,20.0,2.0,4.313,2.4913
15.5,5,14.9429,12.5167,2.0,20.0,20.0,2.0,4.5999,2.4913
15.6,1,19.2067,14.7475,2.0,20.0,20.0,2.0,0.0,2.4761
15.6,2,17.0303,10.4366,2.0,20.0,20.0,2.0,2.3176,2.4761
15.6,3,16.0987,14.9971,2.0,20.0,20.0,2.0,2.0717,2.4761
15.6,4,14.9695,9.0639,2.0,20.0,20.0,2.0,4.3097,2.4761
15.6,5,15.0097,12.7053,2.0,20.0,20.0,2.0,4.6007,2.4761
15.7,1,19.2777,14.9345,2.0,20.0,20.0,2.0,0.0,2.4619
15.7,2,17.1052,10.6221,2.0,20.0,20.0,2.0,2.3188,2.4619
15.7,3,16.1796,15.18,2.0,20.0,20.0,2.0,2.0698,2.4619
15.7,4,15.0699,9.2369,2.0,20.0,20.0,2.0,4.3065,2.4619
15.7,5,15.0768,12.8936,2.0,20.0,20.0,2.0,4.6013,2.4619
15.8,1,19.3478,15.1218,2.0,20.0,20.0,2.0,0.0,2.4487
15.8,2,17.1789,10.808,2.0,20.0,20.0,2.0,2.3199,2.4487
15.8,3,16.2597,15.3632,2.0,20.0,20.0,2.0,2.068,2.4487
15.8,4,15.1674,9.4116,2.0,20.0,20.0,2.0,4.3035,2.4487
15.8,5,15.1444,13.0819,2.0,20.0,20.0,2.0,4.6017,2.4487
15.9,1,19.4167,15.3096,2.0,20.0,20.0,2.0,0.0,2.4364
15.9,2,17.2514,10.9944,2.0,20.0,20.0,2.0,2.321,2.4364
15.9,3,16.339,15.5468,2.0,20.0,20.0,2.0,2.0661,2.4364
15.9,4,15.2622,9.5876,2.0,20.0,20.0,2.0,4.3005,2.4364
15.9,5,15.2124,13.27,2.0,20.0,20.0,2.0,4.6019,2.4364
16.0,1,19.4845,15.4977,2.0,20.0,20.0,2.0,0.0,2.4248
16.0,2,17.3229,11.1812,2.0,20.0,20.0,2.0,2.3222,2.4248
16.0,3,16.4174,15.7308,2.0,20.0,20.0,2.0,2.0641,2.4248
16.0,4,15.3546,9.7651,2.0,20.0,20.0,2.0,4.2976,2.4248
16.0,5,15.2814,13.4577,2.0,20.0,20.0,2.0,4.6017,2.4248
16.1,1,19.551,15.6863,2.0,20.0,20.0,2.0,0.0,2.414
16.1,2,17.3932,11.3684,2.0,20.0,20.0,2.0,2.3233,2.414
16.1,3,16.4948,15.9152,2.0,20.0,20.0,2.0,2.0621,2.414
16.1,4,15.4446,9.9437,2.0,20.0,20.0,2.0,4.2947,2.414
16.1,5,15.3508,13.6453,2.0,20.0,20.0,2.0,4.6012,2.414
16.2,1,19.6161,15.8754,2.0,20.0,20.0,2.0,0.0,2.4039
16.2,2,17.4627,11.556,2.0,20.0,20.0,2.0,2.3245,2.4039
16.2,3,16.5711,16.1001,2.0,20.0,20.0,2.0,2.0601,2.4039
16.2,4,15.5324,10.1234,2.0,20.0,20.0,2.0,4.2919,2.4039
16.2,5,15.4205,13.8327,2.0,20.0,20.0,2.0,4.6005,2.4039
16.3,1,19.6798,16.065,2.0,20.0,20.0,2.0,0.0,2.3946
16.3,2,17.5317,11.7437,2.0,20.0,20.0,2.0,2.3261,2.3946
16.3,3,16.6464,16.2854,2.0,20.0,20.0,2.0,2.0579,2.3946
16.3,4,15.6181,10.304,2.0,20.0,20.0,2.0,4.289,2.3946
16.3,5,15.4904,14.0201,2.0,20.0,20.0,2.0,4.5994,2.3946
16.4,1,19.742,16.2551,2.0,20.0,20.0,2.0,0.0,2.3862
16.4,2,17.6002,11.9316,2.0,20.0,20.0,2.0,2.3279,2.3862
16.4,3,16.7206,16.4711,2.0,20.0,20.0,2.0,2.0557,2.3862
16.4,4,15.702,10.4856,2.0,20.0,20.0,2.0,4.2861,2.3862
16.4,5,15.5605,14.2074,2.0,20.0,20.0,2.0,4.5981,2.3862
16.5,1,19.8024,16.4458,2.0,20.0,20.0,2.0,0.0,2.3785
16.5,2,17.6682,12.1197,2.0,20.0,20.0,2.0,2.33,2.3785
16.5,3,16.7935,16.6573,2.0,20.0,20.0,2.0,2.0534,2.3785
16.5,4,15.7841,10.668,2.0,20.0,20.0,2.0,4.2831,2.3785
16.5,5,15.6306,14.3947,2.0,20.0,20.0,2.0,4.5965,2.3785
16.6,1,19.861,16.637,2.0,20.0,20.0,2.0,0.0,2.3714
16.6,2,17.7355,12.308,2.0,20.0,20.0,2.0,2.3324,2.3714
16.6,3,16.8652,16.8441,2.0,20.0,20.0,2.0,2.0509,2.3714
16.6,4,15.8644,10.8511,2.0,20.0,20.0,2.0,4.2801,2.3714
16.6,5,15.7006,14.5821,2.0,20.0,20.0,2.0,4.5945,2.3714
16.7,1,19.9177,16.8288,2.0,20.0,20.0,2.0,0.0,2.3648
16.7,2,17.8022,12.4966,2.0,20.0,20.0,2.0,2.3351,2.3648
16.7,3,16.9354,17.0313,2.0,20.0,20.0,2.0,2.0483,2.3648
16.7,4,15.9431,11.035,2.0,20.0,20.0,2.0,4.2769,2.3648
16.7,5,15.7706,14.7695,2.0,20.0,20.0,2.0,4.5922,2.3648
16.8,1,19.9721,17.0212,2.0,20.0,20.0,2.0,0.0,2.3602
16.8,2,17.868,12.6854,2.0,20.0,20.0,2.0,2.3381,2.3602
16.8,3,17.0042,17.2191,2.0,20.0,20.0,2.0,2.0456,2.3602
16.8,4,16.0172,11.2208,2.0,20.0,20.0,2.0,4.2738,2.3602
16.8,5,15.8403,14.9569,2.0,20.0,20.0,2.0,4.5895,2.3602
16.9,1,20.0242,17.2143,2.0,20.0,20.0,2.0,0.0,2.3557
16.9,2,17.9331,12.8745,2.0,20.0,20.0,2.0,2.3416,2.3557
16.9,3,17.0715,17.4075,2.0,20.0,20.0,2.0,2.0427,2.3557
16.9,4,16.0905,11.4069,2.0,20.0,20.0,2.0,4.2704,2.3557
16.9,5,15.9092,15.1447,2.0,20.0,20.0,2.0,4.5865,2.3557
17.0,1,20.0737,17.4081,2.0,20.0,20.0,2.0,0.0,2.351
17.0,2,17.9971,13.064,2.0,20.0,20.0,2.0,2.3454,2.351
17.0,3,17.1371,17.5964,2.0,20.0,20.0,2.0,2.0395,2.351
17.0,4,16.1629,11.5933,2.0,20.0,20.0,2.0,4.2666,2.351
17.0,5,15.9773,15.3327,2.0,20.0,20.0,2.0,4.583,2.351
17.1,1,20.1203,17.6026,2.0,20.0,20.0,2.0,0.0,2.3464
17.1,2,18.0601,13.2538,2.0,20.0,20.0,2.0,2.3495,2.3464
17.1,3,17.2009,17.786,2.0,20.0,20.0,2.0,2.0361,2.3464
17.1,4,16.2342,11.7801,2.0,20.0,20.0,2.0,4.2625,2.3464
17.1,5,16.0446,15.5211,2.0,20.0,20.0,2.0,4.5791,2.3464
17.2,1,20.1643,17.791,2.0,20.0,20.0,2.0,0.0,2.3416
17.2,2,18.1219,13.4441,2.0,20.0,20.0,2.0,2.3474,2.3416
17.2,3,17.2627,17.9762,2.0,20.0,20.0,2.0,2.0265,2.3416
17.2,4,16.3045,11.9674,2.0,20.0,20.0,2.0,4.252,2.3416
17.2,5,16.1108,15.7098,2.0,20.0,20.0,2.0,4.5688,2.3416
17.3,1,20.2057,17.9643,2.0,20.0,20.0,2.0,0.0,2.3368
17.3,2,18.1824,13.6347,2.0,20.0,20.0,2.0,2.3297,2.3368
17.3,3,17.3227,18.1669,2.0,20.0,20.0,2.0,2.0025,2.3368
17.3,4,16.3738,12.155,2.0,20.0,20.0,2.0,4.2269,2.3368
17.3,5,16.1761,15.8988,2.0,20.0,20.0,2.0,4.5439,2.3368
17.4,1,20.2446,18.1232,2.0,20.0,20.0,2.0,0.0,2.3319
17.4,2,18.2421,13.8256,2.0,20.0,20.0,2.0,2.2977,2.3319
17.4,3,17.3811,18.3582,2.0,20.0,20.0,2.0,1.9649,2.3319
17.4,4,16.4423,12.3429,2.0,20.0,20.0,2.0,4.188,2.3319
17.4,5,16.2407,16.0881,2.0,20.0,20.0,2.0,4.5053,2.3319
17.5,1,20.2812,18.2688,2.0,20.0,20.0,2.0,0.0,2.3269
17.5,2,18.301,14.0167,2.0,20.0,20.0,2.0,2.2522,2.3269
17.5,3,17.438,18.55,2.0,20.0,20.0,2.0,1.9145,2.3269
17.5,4,16.5102,12.531,2.0,20.0,20.0,2.0,4.1361,2.3269
17.5,5,16.3047,16.2776,2.0,20.0,20.0,2.0,4.4538,2.3269
17.6,1,20.3155,18.4016,2.0,20.0,20.0,2.0,0.0,2.3217
17.6,2,18.3594,14.208,2.0,20.0,20.0,2.0,2.1941,2.3217
17.6,3,17.4937,18.7421,2.0,20.0,20.0,2.0,1.8519,2.3217
17.6,4,16.5777,12.7193,2.0,20.0,20.0,2.0,4.0718,2.3217
17.6,5,16.3684,16.4672,2.0,20.0,20.0,2.0,4.3899,2.3217
17.7,1,20.3478,18.5226,2.0,20.0,20.0,2.0,0.0,2.3165
17.7,2,18.4173,14.3994,2.0,20.0,20.0,2.0,2.1243,2.3165
17.7,3,17.5483,18.9345,2.0,20.0,20.0,2.0,1.778,2.3165
17.7,4,16.6451,12.9076,2.0,20.0,20.0,2.0,3.9959,2.3165
17.7,5,16.4318,16.6568,2.0,20.0,20.0,2.0,4.3145,2.3165
17.8,1,20.3778,18.6323,2.0,20.0,20.0,2.0,0.0,2.3111
17.8,2,18.475,14.5909,2.0,20.0,20.0,2.0,2.0437,2.3111
17.8,3,17.602,19.1271,2.0,20.0,20.0,2.0,1.6933,2.3111
17.8,4,16.7125,13.0959,2.0,20.0,20.0,2.0,3.9089,2.3111
17.8,5,16.4951,16.8466,2.0,20.0,20.0,2.0,4.228,2.3111
17.9,1,20.4057,18.7313,2.0,20.0,20.0,2.0,0.0,2.3056
17.9,2,18.5324,14.7825,2.0,20.0,20.0,2.0,1.953,2.3056
17.9,3,17.655,19.32,2.0,20.0,20.0,2.0,1.5986,2.3056
17.9,4,16.78,13.2842,2.0,20.0,20.0,2.0,3.8113,2.3056
17.9,5,16.5584,17.0363,2.0,20.0,20.0,2.0,4.1311,2.3056
18.0,1,20.4313,18.8204,2.0,20.0,20.0,2.0,0.0,2.3
18.0,2,18.5898,14.9741,2.0,20.0,20.0,2.0,1.8531,2.3
18.0,3,17.7075,19.5129,2.0,20.0,20.0,2.0,1.4944,2.3
18.0,4,16.8477,13.4724,2.0,20.0,20.0,2.0,3.7037,2.3
18.0,5,16.6219,17.2259,2.0,20.0,20.0,2.0,4.0242,2.3
18.1,1,20.4544,18.9001,2.0,20.0,20.0,2.0,0.0,2.2944
18.1,2,18.6471,15.1657,2.0,20.0,20.0,2.0,1.7451,2.2944
18.1,3,17.7598,19.706,2.0,20.0,20.0,2.0,1.3815,2.2944
18.1,4,16.9154,13.6605,2.0,20.0,20.0,2.0,3.5866,2.2944
18.1,5,16.6857,17.4155,2.0,20.0,20.0,2.0,3.9078,2.2944
18.2,1,20.475,18.9711,2.0,20.0,20.0,2.0,0.0,2.2887
18.2,2,18.7043,15.3573,2.0,20.0,20.0,2.0,1.63,2.2887
18.2,3,17.812,19.8991,2.0,20.0,20.0,2.0,1.2605,2.2887
18.2,4,16.9833,13.8487,2.0,20.0,20.0,2.0,3.4604,2.2887
18.2,5,16.7497,17.605,2.0,20.0,20.0,2.0,3.7825,2.2887
18.3,1,20.4942,19.0345,2.0,20.0,20.0,2.0,0.0,2.2829
18.3,2,18.7616,15.549,2.0,20.0,20.0,2.0,1.5095,2.2829
18.3,3,17.8646,20.092,2.0,20.0,20.0,2.0,1.1335,2.2829
18.3,4,17.0514,14.0367,2.0,20.0,20.0,2.0,3.3269,2.2829
18.3,5,16.8135,17.7945,2.0,20.0,20.0,2.0,3.65,2.2829
18.4,1,20.5166,19.0967,2.0,20.0,20.0,2.0,0.0,2.2766
18.4,2,18.8181,15.7408,2.0,20.0,20.0,2.0,1.389,2.2766
18.4,3,17.9179,20.2848,2.0,20.0,20.0,2.0,1.0088,2.2766
18.4,4,17.1199,14.2246,2.0,20.0,20.0,2.0,3.1937,2.2766
18.4,5,16.876,17.9845,2.0,20.0,20.0,2.0,3.5182,2.2766
18.5,1,20.5419,19.1587,2.0,20.0,20.0,2.0,0.0,2.2625
18.5,2,18.8716,15.9248,2.0,20.0,20.0,2.0,1.2772,2.2625
18.5,3,17.973,20.4771,2.0,20.0,20.0,2.0,0.8878,2.2625
18.5,4,17.189,14.4123,2.0,20.0,20.0,2.0,3.0615,2.2625
18.5,5,16.9374,18.1748,2.0,20.0,20.0,2.0,3.3879,2.2625
18.6,1,20.569,19.2201,2.0,20.0,20.0,2.0,0.0,2.2295
18.6,2,18.9188,16.0881,2.0,20.0,20.0,2.0,1.1848,2.2295
18.6,3,18.0277,20.6584,2.0,20.0,20.0,2.0,0.7801,2.2295
18.6,4,17.2589,14.5997,2.0,20.0,20.0,2.0,2.9296,2.2295
18.6,5,16.9983,18.3653,2.0,20.0,20.0,2.0,3.2583,2.2295
18.7,1,20.5972,19.28,2.0,20.0,20.0,2.0,0.0,2.182
18.7,2,18.9614,16.235,2.0,20.0,20.0,2.0,1.1067,2.182
18.7,3,18.0815,20.8258,2.0,20.0,20.0,2.0,0.6872,2.182
18.7,4,17.3291,14.787,2.0,20.0,20.0,2.0,2.797,2.182
18.7,5,17.0592,18.5558,2.0,20.0,20.0,2.0,3.1283,2.182
18.8,1,20.6259,19.338,2.0,20.0,20.0,2.0,0.0,2.1235
18.8,2,19.0009,16.3686,2.0,20.0,20.0,2.0,1.0394,2.1235
18.8,3,18.1349,20.9811,2.0,20.0,20.0,2.0,0.607,2.1235
18.8,4,17.3993,14.9742,2.0,20.0,20.0,2.0,2.6631,2.1235
18.8,5,17.1206,18.7462,2.0,20.0,20.0,2.0,2.9973,2.1235
18.9,1,20.6549,19.3937,2.0,20.0,20.0,2.0,0.0,2.0565
18.9,2,19.0382,16.4913,2.0,20.0,20.0,2.0,0.9804,2.0565
18.9,3,18.1883,21.1259,2.0,20.0,20.0,2.0,0.538,2.0565
18.9,4,17.4694,15.1616,2.0,20.0,20.0,2.0,2.5275,2.0565
18.9,5,17.183,18.9362,2.0,20.0,20.0,2.0,2.8646,2.0565
19.0,1,20.6841,19.4467,2.0,20.0,20.0,2.0,0.0,1.9832
19.0,2,19.0741,16.6047,2.0,20.0,20.0,2.0,0.928,1.9832
19.0,3,18.2418,21.2613,2.0,20.0,20.0,2.0,0.4796,1.9832
19.0,4,17.539,15.349,2.0,20.0,20.0,2.0,2.3899,1.9832
19.0,5,17.2466,19.1258,2.0,20.0,20.0,2.0,2.73,1.9832
19.1,1,20.7131,19.4969,2.0,20.0,20.0,2.0,0.0,1.9061
19.1,2,19.1094,16.7102,2.0,20.0,20.0,2.0,0.8808,1.9061
19.1,3,18.2956,21.3884,2.0,20.0,20.0,2.0,0.4314,1.9061
19.1,4,17.607,15.5371,2.0,20.0,20.0,2.0,2.2504,1.9061
19.1,5,17.312,19.3148,2.0,20.0,20.0,2.0,2.5932,1.9061
19.2,1,20.7419,19.5441,2.0,20.0,20.0,2.0,0.0,1.8354
19.2,2,19.1445,16.8085,2.0,20.0,20.0,2.0,0.8385,1.8354
19.2,3,18.3498,21.5082,2.0,20.0,20.0,2.0,0.3938,1.8354
19.2,4,17.6691,15.717,2.0,20.0,20.0,2.0,2.1188,1.8354
19.2,5,17.3795,19.5031,2.0,20.0,20.0,2.0,2.4539,1.8354
19.3,1,20.7704,19.5882,2.0,20.0,20.0,2.0,0.0,1.7788
19.3,2,19.1796,16.9,2.0,20.0,20.0,2.0,0.8006,1.7788
19.3,3,18.4044,21.6214,2.0,20.0,20.0,2.0,0.3675,1.7788
19.3,4,17.7223,15.88,2.0,20.0,20.0,2.0,2.0041,1.7788
19.3,5,17.4491,19.6906,2.0,20.0,20.0,2.0,2.3123,1.7788
19.4,1,20.7983,19.6291,2.0,20.0,20.0,2.0,0.0,1.733
19.4,2,19.2139,16.985,2.0,20.0,20.0,2.0,0.7665,1.733
19.4,3,18.4595,21.7285,2.0,20.0,20.0,2.0,0.3531,1.733
19.4,4,17.7682,16.0294,2.0,20.0,20.0,2.0,1.9026,1.733
19.4,5,17.52,19.8776,2.0,20.0,20.0,2.0,2.1684,1.733
19.5,1,20.8254,19.6668,2.0,20.0,20.0,2.0,0.0,1.6955
19.5,2,19.2472,17.0639,2.0,20.0,20.0,2.0,0.7358,1.6955
19.5,3,18.5152,21.83,2.0,20.0,20.0,2.0,0.3505,1.6955
19.5,4,17.808,16.1677,2.0,20.0,20.0,2.0,1.8117,1.6955
19.5,5,17.5903,20.0573,2.0,20.0,20.0,2.0,2.0288,1.6955
19.6,1,20.8515,19.7014,2.0,20.0,20.0,2.0,0.0,1.6645
19.6,2,19.2794,17.137,2.0,20.0,20.0,2.0,0.7083,1.6645
19.6,3,18.5713,21.926,2.0,20.0,20.0,2.0,0.3591,1.6645
19.6,4,17.8428,16.2965,2.0,20.0,20.0,2.0,1.7295,1.6645
19.6,5,17.6535,20.2128,2.0,20.0,20.0,2.0,1.9107,1.6645
19.7,1,20.876,19.7331,2.0,20.0,20.0,2.0,0.0,1.6393
19.7,2,19.3108,17.2041,2.0,20.0,20.0,2.0,0.6848,1.6393
19.7,3,18.6272,22.0159,2.0,20.0,20.0,2.0,0.3767,1.6393
19.7,4,17.8733,16.4162,2.0,20.0,20.0,2.0,1.6552,1.6393
19.7,5,17.7107,20.3487,2.0,20.0,20.0,2.0,1.8096,1.6393
19.8,1,20.8989,19.7623,2.0,20.0,20.0,2.0,0.0,1.619
19.8,2,19.3415,17.2649,2.0,20.0,20.0,2.0,0.6658,1.619
19.8,3,18.6821,22.0993,2.0,20.0,20.0,2.0,0.4007,1.619
19.8,4,17.9003,16.5274,2.0,20.0,20.0,2.0,1.5881,1.619
19.8,5,17.7628,20.4684,2.0,20.0,20.0,2.0,1.7219,1.619
19.9,1,20.92,19.7893,2.0,20.0,20.0,2.0,0.0,1.6028
19.9,2,19.3715,17.3198,2.0,20.0,20.0,2.0,0.6513,1.6028
19.9,3,18.7357,22.1765,2.0,20.0,20.0,2.0,0.4288,1.6028
19.9,4,17.9242,16.6309,2.0,20.0,20.0,2.0,1.5276,1.6028
19.9,5,17.8103,20.5746,2.0,20.0,20.0,2.0,1.6453,1.6028
20.0,1,20.9395,19.8142,2.0,20.0,20.0,2.0,0.0,1.5902
20.0,2,19.4006,17.3688,2.0,20.0,20.0,2.0,0.6412,1.5902
20.0,3,18.7877,22.2474,2.0,20.0,20.0,2.0,0.459,1.5902
20.0,4,17.9455,16.7273,2.0,20.0,20.0,2.0,1.4729,1.5902
20.0,5,17.8539,20.6694,2.0,20.0,20.0,2.0,1.5777,1.5902
20.1,1,20.9573,19.8373,2.0,20.0,20.0,2.0,0.0,1.5806
20.1,2,19.4289,17.4122,2.0,20.0,20.0,2.0,0.6349,1.5806
20.1,3,18.8377,22.3125,2.0,20.0,20.0,2.0,0.49,1.5806
20.1,4,17.9646,16.8171,2.0,20.0,20.0,2.0,1.4234,1.5806
20.1,5,17.8938,20.7546,2.0,20.0,20.0,2.0,1.5176,1.5806
20.2,1,20.9734,19.8586,2.0,20.0,20.0,2.0,0.0,1.5735
20.2,2,19.4561,17.4504,2.0,20.0,20.0,2.0,0.6321,1.5735
20.2,3,18.8856,22.372,2.0,20.0,20.0,2.0,0.5209,1.5735
20.2,4,17.9816,16.9011,2.0,20.0,20.0,2.0,1.3786,1.5735
20.2,5,17.9304,20.8314,2.0,20.0,20.0,2.0,1.4639,1.5735
20.3,1,20.9881,19.8783,2.0,20.0,20.0,2.0,0.0,1.5686
20.3,2,19.4823,17.4838,2.0,20.0,20.0,2.0,0.6324,1.5686
20.3,3,18.9312,22.4264,2.0,20.0,20.0,2.0,0.5511,1.5686
20.3,4,17.9969,16.9798,2.0,20.0,20.0,2.0,1.3378,1.5686
20.3,5,17.964,20.901,2.0,20.0,20.0,2.0,1.4155,1.5686
20.4,1,21.0012,19.8964,2.0,20.0,20.0,2.0,0.0,1.5655
20.4,2,19.5073,17.5126,2.0,20.0,20.0,2.0,0.6351,1.5655
20.4,3,18.9746,22.476,2.0,20.0,20.0,2.0,0.5802,1.5655
20.4,4,18.0107,17.0536,2.0,20.0,20.0,2.0,1.3006,1.5655
20.4,5,17.9948,20.9642,2.0,20.0,20.0,2.0,1.3719,1.5655
20.5,1,21.013,19.9132,2.0,20.0,20.0,2.0,0.0,1.5638
20.5,2,19.531,17.5373,2.0,20.0,20.0,2.0,0.64,1.5638
20.5,3,19.0156,22.5212,2.0,20.0,20.0,2.0,0.608,1.5638
20.5,4,18.0231,17.123,2.0,20.0,20.0,2.0,1.2666,1.5638
20.5,5,18.0231,21.0217,2.0,20.0,20.0,2.0,1.3322,1.5638
20.6,1,21.0235,19.9285,2.0,20.0,20.0,2.0,0.0,1.5635
20.6,2,19.5534,17.5582,2.0,20.0,20.0,2.0,0.6465,1.5635
20.6,3,19.0543,22.5623,2.0,20.0,20.0,2.0,0.6345,1.5635
20.6,4,18.0343,17.1884,2.0,20.0,20.0,2.0,1.2354,1.5635
20.6,5,18.0489,21.0743,2.0,20.0,20.0,2.0,1.2959,1.5635
20.7,1,21.0327,19.9426,2.0,20.0,20.0,2.0,0.0,1.5642
20.7,2,19.5744,17.5757,2.0,20.0,20.0,2.0,0.6543,1.5642
20.7,3,19.0907,22.5997,2.0,20.0,20.0,2.0,0.6597,1.5642
20.7,4,18.0445,17.2501,2.0,20.0,20.0,2.0,1.2067,1.5642
20.7,5,18.0726,21.1224,2.0,20.0,20.0,2.0,1.2628,1.5642
20.8,1,21.0408,19.9555,2.0,20.0,20.0,2.0,0.0,1.5658
20.8,2,19.594,17.59,2.0,20.0,20.0,2.0,0.6631,1.5658
20.8,3,19.1248,22.6337,2.0,20.0,20.0,2.0,0.6835,1.5658
20.8,4,18.0538,17.3084,2.0,20.0,20.0,2.0,1.1802,1.5658
20.8,5,18.0942,21.1665,2.0,20.0,20.0,2.0,1.2323,1.5658
20.9,1,21.0481,19.9674,2.0,20.0,20.0,2.0,0.0,1.5684
20.9,2,19.6122,17.6014,2.0,20.0,20.0,2.0,0.6724,1.5684
20.9,3,19.1568,22.6646,2.0,20.0,20.0,2.0,0.7056,1.5684
20.9,4,18.062,17.3632,2.0,20.0,20.0,2.0,1.1565,1.5684
20.9,5,18.1139,21.2069,2.0,20.0,20.0,2.0,1.2046,1.5684
21.0,1,21.0554,19.9792,2.0,20.0,20.0,2.0,0.0,1.5727
21.0,2,19.6289,17.6104,2.0,20.0,20.0,2.0,0.6818,1.5727
21.0,3,19.1866,22.6926,2.0,20.0,20.0,2.0,0.7254,1.5727
21.0,4,18.0685,17.4143,2.0,20.0,20.0,2.0,1.1372,1.5727
21.0,5,18.1318,21.2441,2.0,20.0,20.0,2.0,1.1804,1.5727
21.1,1,21.0626,19.9906,2.0,20.0,20.0,2.0,0.0,1.5781
21.1,2,19.6442,17.6173,2.0,20.0,20.0,2.0,0.6911,1.5781
21.1,3,19.2145,22.7182,2.0,20.0,20.0,2.0,0.7433,1.5781
21.1,4,18.0738,17.462,2.0,20.0,20.0,2.0,1.1212,1.5781
21.1,5,18.1484,21.2783,2.0,20.0,20.0,2.0,1.159,1.5781
21.2,1,21.0695,20.0015,2.0,20.0,20.0,2.0,0.0,1.5841
21.2,2,19.6583,17.6227,2.0,20.0,20.0,2.0,0.7001,1.5841
21.2,3,19.2407,22.7415,2.0,20.0,20.0,2.0,0.7596,1.5841
21.2,4,18.0784,17.5069,2.0,20.0,20.0,2.0,1.1076,1.5841
21.2,5,18.1636,21.3098,2.0,20.0,20.0,2.0,1.1398,1.5841
21.3,1,21.0762,20.0117,2.0,20.0,20.0,2.0,0.0,1.5905
21.3,2,19.6712,17.6267,2.0,20.0,20.0,2.0,0.7087,1.5905
21.3,3,19.2652,22.7629,2.0,20.0,20.0,2.0,0.7746,1.5905
21.3,4,18.0826,17.5492,2.0,20.0,20.0,2.0,1.096,1.5905
21.3,5,18.1777,21.339,2.0,20.0,20.0,2.0,1.1224,1.5905
21.4,1,21.0824,20.0214,2.0,20.0,20.0,2.0,0.0,1.597
21.4,2,19.6829,17.6295,2.0,20.0,20.0,2.0,0.717,1.597
21.4,3,19.2883,22.7825,2.0,20.0,20.0,2.0,0.7884,1.597
21.4,4,18.0863,17.5891,2.0,20.0,20.0,2.0,1.0859,1.597
21.4,5,18.1909,21.3661,2.0,20.0,20.0,2.0,1.1065,1.597
21.5,1,21.0884,20.0304,2.0,20.0,20.0,2.0,0.0,1.604
21.5,2,19.6939,17.6305,2.0,20.0,20.0,2.0,0.7257,1.604
21.5,3,19.3099,22.8005,2.0,20.0,20.0,2.0,0.8013,1.604
21.5,4,18.09,17.6267,2.0,20.0,20.0,2.0,1.0769,1.604
21.5,5,18.2027,21.3922,2.0,20.0,20.0,2.0,1.0917,1.604
21.6,1,21.0939,20.0388,2.0,20.0,20.0,2.0,0.0,1.6111
21.6,2,19.7042,17.6298,2.0,20.0,20.0,2.0,0.7347,1.6111
21.6,3,19.3302,22.817,2.0,20.0,20.0,2.0,0.8133,1.6111
21.6,4,18.0935,17.6624,2.0,20.0,20.0,2.0,1.0689,1.6111
21.6,5,18.2133,21.4172,2.0,20.0,20.0,2.0,1.0778,1.6111
21.7,1,21.099,20.0465,2.0,20.0,20.0,2.0,0.0,1.6183
21.7,2,19.7139,17.6278,2.0,20.0,20.0,2.0,0.7439,1.6183
21.7,3,19.3494,22.8321,2.0,20.0,20.0,2.0,0.8246,1.6183
21.7,4,18.097,17.6962,2.0,20.0,20.0,2.0,1.0615,1.6183
21.7,5,18.2229,21.4412,2.0,20.0,20.0,2.0,1.0648,1.6183
21.8,1,21.1036,20.0535,2.0,20.0,20.0,2.0,0.0,1.6256
21.8,2,19.7228,17.6246,2.0,20.0,20.0,2.0,0.7532,1.6256
21.8,3,19.3675,22.8459,2.0,20.0,20.0,2.0,0.8352,1.6256
21.8,4,18.1004,17.7284,2.0,20.0,20.0,2.0,1.0546,1.6256
21.8,5,18.2315,21.4642,2.0,20.0,20.0,2.0,1.0526,1.6256
21.9,1,21.1078,20.06,2.0,20.0,20.0,2.0,0.0,1.6329
21.9,2,19.731,17.6203,2.0,20.0,20.0,2.0,0.7626,1.6329
21.9,3,19.3846,22.8585,2.0,20.0,20.0,2.0,0.8452,1.6329
21.9,4,18.1039,17.759,2.0,20.0,20.0,2.0,1.048,1.6329
21.9,5,18.2392,21.4861,2.0,20.0,20.0,2.0,1.041,1.6329
22.0,1,21.1116,20.0658,2.0,20.0,20.0,2.0,0.0,1.6401
22.0,2,19.7384,17.6152,2.0,20.0,20.0,2.0,0.772,1.6401
22.0,3,19.4008,22.87,2.0,20.0,20.0,2.0,0.8546,1.6401
22.0,4,18.1075,17.7881,2.0,20.0,20.0,2.0,1.0419,1.6401
22.0,5,18.2461,21.507,2.0,20.0,20.0,2.0,1.0302,1.6401
22.1,1,21.115,20.0711,2.0,20.0,20.0,2.0,0.0,1.6472
22.1,2,19.7452,17.6094,2.0,20.0,20.0,2.0,0.7812,1.6472
22.1,3,19.4161,22.8805,2.0,20.0,20.0,2.0,0.8635,1.6472
22.1,4,18.111,17.8158,2.0,20.0,20.0,2.0,1.036,1.6472
22.1,5,18.2522,21.527,2.0,20.0,20.0,2.0,1.0201,1.6472
22.2,1,21.1179,20.0759,2.0,20.0,20.0,2.0,0.0,1.6541
22.2,2,19.7512,17.603,2.0,20.0,20.0,2.0,0.7903,1.6541
22.2,3,19.4306,22.8899,2.0,20.0,20.0,2.0,0.872,1.6541
22.2,4,18.1145,17.8421,2.0,20.0,20.0,2.0,1.0303,1.6541
22.2,5,18.2576,21.5459,2.0,20.0,20.0,2.0,1.0105,1.6541
22.3,1,21.1206,20.0801,2.0,20.0,20.0,2.0,0.0,1.6608
22.3,2,19.7565,17.5962,2.0,20.0,20.0,2.0,0.7992,1.6608
22.3,3,19.4444,22.8984,2.0,20.0,20.0,2.0,0.88,1.6608
22.3,4,18.118,17.8671,2.0,20.0,20.0,2.0,1.025,1.6608
22.3,5,18.2623,21.5639,2.0,20.0,20.0,2.0,1.0016,1.6608
22.4,1,21.1229,20.0839,2.0,20.0,20.0,2.0,0.0,1.6673
22.4,2,19.7612,17.5889,2.0,20.0,20.0,2.0,0.8078,1.6673
22.4,3,19.4573,22.906,2.0,20.0,20.0,2.0,0.8875,1.6673
22.4,4,18.1215,17.8909,2.0,20.0,20.0,2.0,1.0198,1.6673
22.4,5,18.2663,21.581,2.0,20.0,20.0,2.0,0.9933,1.6673
22.5,1,21.1249,20.0872,2.0,20.0,20.0,2.0,0.0,1.6735
22.5,2,19.7652,17.5813,2.0,20.0,20.0,2.0,0.816,1.6735
22.5,3,19.4696,22.9127,2.0,20.0,20.0,2.0,0.8946,1.6735
22.5,4,18.1249,17.9134,2.0,20.0,20.0,2.0,1.0149,1.6735
22.5,5,18.2698,21.5972,2.0,20.0,20.0,2.0,0.9855,1.6735
22.6,1,21.1266,20.0901,2.0,20.0,20.0,2.0,0.0,1.6795
22.6,2,19.7686,17.5735,2.0,20.0,20.0,2.0,0.824,1.6795
22.6,3,19.4813,22.9187,2.0,20.0,20.0,2.0,0.9013,1.6795
22.6,4,18.1284,17.9348,2.0,20.0,20.0,2.0,1.0103,1.6795
22.6,5,18.2728,21.6126,2.0,20.0,20.0,2.0,0.9783,1.6795
22.7,1,21.1281,20.0926,2.0,20.0,20.0,2.0,0.0,1.6852
22.7,2,19.7713,17.5655,2.0,20.0,20.0,2.0,0.8316,1.6852
22.7,3,19.4923,22.9239,2.0,20.0,20.0,2.0,0.9076,1.6852
22.7,4,18.1317,17.955,2.0,20.0,20.0,2.0,1.0059,1.6852
22.7,5,18.2752,21.6271,2.0,20.0,20.0,2.0,0.9716,1.6852
22.8,1,21.1294,20.0947,2.0,20.0,20.0,2.0,0.0,1.6907
22.8,2,19.7736,17.5574,2.0,20.0,20.0,2.0,0.8388,1.6907
22.8,3,19.5027,22.9285,2.0,20.0,20.0,2.0,0.9135,1.6907
22.8,4,18.135,17.9741,2.0,20.0,20.0,2.0,1.0017,1.6907
22.8,5,18.2772,21.6409,2.0,20.0,20.0,2.0,0.9655,1.6907
22.9,1,21.1304,20.0964,2.0,20.0,20.0,2.0,0.0,1.6959
22.9,2,19.7753,17.5493,2.0,20.0,20.0,2.0,0.8457,1.6959
22.9,3,19.5125,22.9323,2.0,20.0,20.0,2.0,0.9191,1.6959
22.9,4,18.1382,17.9922,2.0,20.0,20.0,2.0,0.9977,1.6959
22.9,5,18.2788,21.6539,2.0,20.0,20.0,2.0,0.9597,1.6959
23.0,1,21.1313,20.0978,2.0,20.0,20.0,2.0,0.0,1.7007
23.0,2,19.7765,17.5411,2.0,20.0,20.0,2.0,0.8521,1.7007
23.0,3,19.5218,22.9356,2.0,20.0,20.0,2.0,0.9243,1.7007
23.0,4,18.1414,18.0092,2.0,20.0,20.0,2.0,0.9939,1.7007
23.0,5,18.28,21.6662,2.0,20.0,20.0,2.0,0.9545,1.7007
23.1,1,21.1321,20.0989,2.0,20.0,20.0,2.0,0.0,1.7054
23.1,2,19.7772,17.533,2.0,20.0,20.0,2.0,0.8582,1.7054
23.1,3,19.5307,22.9382,2.0,20.0,20.0,2.0,0.9291,1.7054
23.1,4,18.1445,18.0253,2.0,20.0,20.0,2.0,0.9904,1.7054
23.1,5,18.2809,21.6778,2.0,20.0,20.0,2.0,0.9497,1.7054
23.2,1,21.1326,20.0998,2.0,20.0,20.0,2.0,0.0,1.7097
23.2,2,19.7775,17.5249,2.0,20.0,20.0,2.0,0.8639,1.7097
23.2,3,19.539,22.9404,2.0,20.0,20.0,2.0,0.9337,1.7097
23.2,4,18.1474,18.0404,2.0,20.0,20.0,2.0,0.987,1.7097
23.2,5,18.2815,21.6887,2.0,20.0,20.0,2.0,0.9452,1.7097
23.3,1,21.1331,20.1003,2.0,20.0,20.0,2.0,0.0,1.7137
23.3,2,19.7775,17.5168,2.0,20.0,20.0,2.0,0.8693,1.7137
23.3,3,19.5469,22.942,2.0,20.0,20.0,2.0,0.9379,1.7137
23.3,4,18.1503,18.0546,2.0,20.0,20.0,2.0,0.9839,1.7137
23.3,5,18.2817,21.699,2.0,20.0,20.0,2.0,0.9412,1.7137
23.4,1,21.1335,20.1006,2.0,20.0,20.0,2.0,0.0,1.7175
23.4,2,19.7771,17.5089,2.0,20.0,20.0,2.0,0.8743,1.7175
23.4,3,19.5543,22.9431,2.0,20.0,20.0,2.0,0.9418,1.7175
23.4,4,18.1531,18.0679,2.0,20.0,20.0,2.0,0.9809,1.7175
23.4,5,18.2818,21.7087,2.0,20.0,20.0,2.0,0.9375,1.7175
23.5,1,21.1337,20.1007,2.0,20.0,20.0,2.0,0.0,1.7211
23.5,2,19.7764,17.5011,2.0,20.0,20.0,2.0,0.879,1.7211
23.5,3,19.5614,22.9439,2.0,20.0,20.0,2.0,0.9454,1.7211
23.5,4,18.1558,18.0804,2.0,20.0,20.0,2.0,0.9781,1.7211
23.5,5,18.2816,21.7178,2.0,20.0,20.0,2.0,0.9342,1.7211
23.6,1,21.1339,20.1006,2.0,20.0,20.0,2.0,0.0,1.7244
23.6,2,19.7755,17.4933,2.0,20.0,20.0,2.0,0.8834,1.7244
23.6,3,19.568,22.9442,2.0,20.0,20.0,2.0,0.9488,1.7244
23.6,4,18.1584,18.0921,2.0,20.0,20.0,2.0,0.9755,1.7244
23.6,5,18.2812,21.7263,2.0,20.0,20.0,2.0,0.9312,1.7244
23.7,1,21.134,20.1003,2.0,20.0,20.0,2.0,0.0,1.7274
23.7,2,19.7743,17.4858,2.0,20.0,20.0,2.0,0.8875,1.7274
23.7,3,19.5743,22.9441,2.0,20.0,20.0,2.0,0.9518,1.7274
23.7,4,18.1609,18.1031,2.0,20.0,20.0,2.0,0.9731,1.7274
23.7,5,18.2806,21.7343,2.0,20.0,20.0,2.0,0.9285,1.7274
23.8,1,21.134,20.0998,2.0,20.0,20.0,2.0,0.0,1.7303
23.8,2,19.7729,17.4783,2.0,20.0,20.0,2.0,0.8913,1.7303
23.8,3,19.5803,22.9437,2.0,20.0,20.0,2.0,0.9547,1.7303
23.8,4,18.1633,18.1133,2.0,20.0,20.0,2.0,0.9708,1.7303
23.8,5,18.2798,21.7418,2.0,20.0,20.0,2.0,0.9261,1.7303
23.9,1,21.1339,20.0991,2.0,20.0,20.0,2.0,0.0,1.7329
23.9,2,19.7713,17.471,2.0,20.0,20.0,2.0,0.8948,1.7329
23.9,3,19.5859,22.9429,2.0,20.0,20.0,2.0,0.9573,1.7329
23.9,4,18.1656,18.1229,2.0,20.0,20.0,2.0,0.9686,1.7329
23.9,5,18.279,21.7488,2.0,20.0,20.0,2.0,0.924,1.7329
24.0,1,21.1339,20.0983,2.0,20.0,20.0,2.0,0.0,1.7354
24.0,2,19.7695,17.4639,2.0,20.0,20.0,2.0,0.8981,1.7354
24.0,3,19.5912,22.9419,2.0,20.0,20.0,2.0,0.9596,1.7354
24.0,4,18.1678,18.1318,2.0,20.0,20.0,2.0,0.9666,1.7354
24.0,5,18.278,21.7553,2.0,20.0,20.0,2.0,0.9221,1.7354
24.1,1,21.1337,20.0974,2.0,20.0,20.0,2.0,0.0,1.7376
24.1,2,19.7676,17.4569,2.0,20.0,20.0,2.0,0.9011,1.7376
24.1,3,19.5963,22.9406,2.0,20.0,20.0,2.0,0.9618,1.7376
24.1,4,18.1699,18.1401,2.0,20.0,20.0,2.0,0.9647,1.7376
24.1,5,18.2769,21.7614,2.0,20.0,20.0,2.0,0.9204,1.7376
24.2,1,21.1336,20.0963,2.0,20.0,20.0,2.0,0.0,1.7397
24.2,2,19.7656,17.4501,2.0,20.0,20.0,2.0,0.9039,1.7397
24.2,3,19.601,22.9391,2.0,20.0,20.0,2.0,0.9637,1.7397
24.2,4,18.172,18.1478,2.0,20.0,20.0,2.0,0.963,1.7397
24.2,5,18.2757,21.7671,2.0,20.0,20.0,2.0,0.9189,1.7397
24.3,1,21.1334,20.0952,2.0,20.0,20.0,2.0,0.0,1.7416
24.3,2,19.7635,17.4434,2.0,20.0,20.0,2.0,0.9066,1.7416
24.3,3,19.6055,22.9373,2.0,20.0,20.0,2.0,0.9655,1.7416
24.3,4,18.1739,18.155,2.0,20.0,20.0,2.0,0.9613,1.7416
24.3,5,18.2744,21.7723,2.0,20.0,20.0,2.0,0.9176,1.7416
24.4,1,21.1332,20.0939,2.0,20.0,20.0,2.0,0.0,1.7434
24.4,2,19.7614,17.4369,2.0,20.0,20.0,2.0,0.909,1.7434
24.4,3,19.6098,22.9354,2.0,20.0,20.0,2.0,0.9671,1.7434
24.4,4,18.1757,18.1616,2.0,20.0,20.0,2.0,0.9598,1.7434
24.4,5,18.2731,21.7772,2.0,20.0,20.0,2.0,0.9165,1.7434
24.5,1,21.1329,20.0926,2.0,20.0,20.0,2.0,0.0,1.745
24.5,2,19.7592,17.4306,2.0,20.0,20.0,2.0,0.9113,1.745
24.5,3,19.6138,22.9332,2.0,20.0,20.0,2.0,0.9685,1.745
24.5,4,18.1775,18.1678,2.0,20.0,20.0,2.0,0.9584,1.745
24.5,5,18.2718,21.7818,2.0,20.0,20.0,2.0,0.9155,1.745
24.6,1,21.1327,20.0911,2.0,20.0,20.0,2.0,0.0,1.7466
24.6,2,19.7569,17.4243,2.0,20.0,20.0,2.0,0.9134,1.7466
24.6,3,19.6176,22.9309,2.0,20.0,20.0,2.0,0.9698,1.7466
24.6,4,18.1792,18.1735,2.0,20.0,20.0,2.0,0.957,1.7466
24.6,5,18.2704,21.786,2.0,20.0,20.0,2.0,0.9147,1.7466
24.7,1,21.1324,20.0897,2.0,20.0,20.0,2.0,0.0,1.7479
24.7,2,19.7546,17.4183,2.0,20.0,20.0,2.0,0.9154,1.7479
24.7,3,19.6212,22.9285,2.0,20.0,20.0,2.0,0.9709,1.7479
24.7,4,18.1808,18.1788,2.0,20.0,20.0,2.0,0.9557,1.7479
24.7,5,18.2689,21.7898,2.0,20.0,20.0,2.0,0.914,1.7479
24.8,1,21.1321,20.0881,2.0,20.0,20.0,2.0,0.0,1.7492
24.8,2,19.7523,17.4124,2.0,20.0,20.0,2.0,0.9172,1.7492
24.8,3,19.6246,22.9259,2.0,20.0,20.0,2.0,0.9719,1.7492
24.8,4,18.1824,18.1837,2.0,20.0,20.0,2.0,0.9546,1.7492
24.8,5,18.2675,21.7934,2.0,20.0,20.0,2.0,0.9135,1.7492
24.9,1,21.1318,20.0865,2.0,20.0,20.0,2.0,0.0,1.7504
24.9,2,19.7501,17.4066,2.0,20.0,20.0,2.0,0.9189,1.7504
24.9,3,19.6279,22.9233,2.0,20.0,20.0,2.0,0.9727,1.7504
24.9,4,18.1838,18.1881,2.0,20.0,20.0,2.0,0.9534,1.7504
24.9,5,18.266,21.7967,2.0,20.0,20.0,2.0,0.913,1.7504
25.0,1,21.1315,20.0849,2.0,20.0,20.0,2.0,0.0,1.7515
25.0,2,19.7478,17.401,2.0,20.0,20.0,2.0,0.9205,1.7515
25.0,3,19.6309,22.9205,2.0,20.0,20.0,2.0,0.9735,1.7515
25.0,4,18.1852,18.1923,2.0,20.0,20.0,2.0,0.9524,1.7515
25.0,5,18.2646,21.7997,2.0,20.0,20.0,2.0,0.9127,1.7515
25.1,1,21.1313,20.0832,2.0,20.0,20.0,2.0,0.0,1.7524
25.1,2,19.7455,17.3956,2.0,20.0,20.0,2.0,0.922,1.7524
25.1,3,19.6338,22.9177,2.0,20.0,20.0,2.0,0.9741,1.7524
25.1,4,18.1866,18.1961,2.0,20.0,20.0,2.0,0.9514,1.7524
25.1,5,18.2631,21.8025,2.0,20.0,20.0,2.0,0.9124,1.7524
25.2,1,21.131,20.0815,2.0,20.0,20.0,2.0,0.0,1.7534
25.2,2,19.7432,17.3903,2.0,20.0,20.0,2.0,0.9234,1.7534
25.2,3,19.6365,22.9148,2.0,20.0,20.0,2.0,0.9746,1.7534
25.2,4,18.1878,18.1995,2.0,20.0,20.0,2.0,0.9505,1.7534
25.2,5,18.2616,21.805,2.0,20.0,20.0,2.0,0.9122,1.7534
25.3,1,21.1307,20.0798,2.0,20.0,20.0,2.0,0.0,1.7542
25.3,2,19.741,17.3851,2.0,20.0,20.0,2.0,0.9247,1.7542
25.3,3,19.6391,22.9118,2.0,20.0,20.0,2.0,0.9751,1.7542
25.3,4,18.189,18.2027,2.0,20.0,20.0,2.0,0.9496,1.7542
25.3,5,18.2602,21.8073,2.0,20.0,20.0,2.0,0.9121,1.7542
25.4,1,21.1304,20.078,2.0,20.0,20.0,2.0,0.0,1.755
25.4,2,19.7388,17.38,2.0,20.0,20.0,2.0,0.926,1.755
25.4,3,19.6415,22.9088,2.0,20.0,20.0,2.0,0.9754,1.755
25.4,4,18.1902,18.2056,2.0,20.0,20.0,2.0,0.9488,1.755
25.4,5,18.2587,21.8094,2.0,20.0,20.0,2.0,0.9121,1.755
25.5,1,21.1301,20.0763,2.0,20.0,20.0,2.0,0.0,1.7557
25.5,2,19.7367,17.3751,2.0,20.0,20.0,2.0,0.9272,1.7557
25.5,3,19.6438,22.9058,2.0,20.0,20.0,2.0,0.9757,1.7557
25.5,4,18.1913,18.2082,2.0,20.0,20.0,2.0,0.948,1.7557
25.5,5,18.2573,21.8113,2.0,20.0,20.0,2.0,0.9121,1.7557
25.6,1,21.1298,20.0745,2.0,20.0,20.0,2.0,0.0,1.7563
25.6,2,19.7346,17.3703,2.0,20.0,20.0,2.0,0.9283,1.7563
25.6,3,19.646,22.9027,2.0,20.0,20.0,2.0,0.9759,1.7563
25.6,4,18.1924,18.2106,2.0,20.0,20.0,2.0,0.9473,1.7563
25.6,5,18.2559,21.813,2.0,20.0,20.0,2.0,0.9122,1.7563
25.7,1,21.1295,20.0728,2.0,20.0,20.0,2.0,0.0,1.7569
25.7,2,19.7325,17.3657,2.0,20.0,20.0,2.0,0.9293,1.7569
25.7,3,19.6481,22.8997,2.0,20.0,20.0,2.0,0.976,1.7569
25.7,4,18.1934,18.2128,2.0,20.0,20.0,2.0,0.9466,1.7569
25.7,5,18.2545,21.8146,2.0,20.0,20.0,2.0,0.9123,1.7569
25.8,1,21.1292,20.071,2.0,20.0,20.0,2.0,0.0,1.7575
25.8,2,19.7305,17.3611,2.0,20.0,20.0,2.0,0.9303,1.7575
25.8,3,19.65,22.8966,2.0,20.0,20.0,2.0,0.9761,1.7575
25.8,4,18.1943,18.2148,2.0,20.0,20.0,2.0,0.9459,1.7575
25.8,5,18.2532,21.8159,2.0,20.0,20.0,2.0,0.9124,1.7575
25.9,1,21.129,20.0692,2.0,20.0,20.0,2.0,0.0,1.758
25.9,2,19.7286,17.3567,2.0,20.0,20.0,2.0,0.9312,1.758
25.9,3,19.6519,22.8935,2.0,20.0,20.0,2.0,0.9761,1.758
25.9,4,18.1952,18.2165,2.0,20.0,20.0,2.0,0.9453,1.758
25.9,5,18.2519,21.8172,2.0,20.0,20.0,2.0,0.9126,1.758
26.0,1,21.1287,20.0675,2.0,20.0,20.0,2.0,0.0,1.7584
26.0,2,19.7267,17.3524,2.0,20.0,20.0,2.0,0.9321,1.7584
26.0,3,19.6536,22.8905,2.0,20.0,20.0,2.0,0.9761,1.7584
26.0,4,18.1961,18.2181,2.0,20.0,20.0,2.0,0.9447,1.7584
26.0,5,18.2506,21.8182,2.0,20.0,20.0,2.0,0.9128,1.7584
26.1,1,21.1284,20.0657,2.0,20.0,20.0,2.0,0.0,1.7588
26.1,2,19.7248,17.3483,2.0,20.0,20.0,2.0,0.933,1.7588
26.1,3,19.6553,22.8874,2.0,20.0,20.0,2.0,0.9761,1.7588
26.1,4,18.1969,18.2195,2.0,20.0,20.0,2.0,0.9441,1.7588
26.1,5,18.2493,21.8192,2.0,20.0,20.0,2.0,0.913,1.7588
26.2,1,21.1282,20.064,2.0,20.0,20.0,2.0,0.0,1.7592
26.2,2,19.723,17.3442,2.0,20.0,20.0,2.0,0.9338,1.7592
26.2,3,19.6568,22.8844,2.0,20.0,20.0,2.0,0.9759,1.7592
26.2,4,18.1977,18.2208,2.0,20.0,20.0,2.0,0.9436,1.7592
26.2,5,18.2481,21.82,2.0,20.0,20.0,2.0,0.9133,1.7592
26.3,1,21.1279,20.0623,2.0,20.0,20.0,2.0,0.0,1.7596
26.3,2,19.7213,17.3403,2.0,20.0,20.0,2.0,0.9346,1.7596
26.3,3,19.6583,22.8814,2.0,20.0,20.0,2.0,0.9758,1.7596
26.3,4,18.1985,18.2219,2.0,20.0,20.0,2.0,0.943,1.7596
26.3,5,18.2469,21.8207,2.0,20.0,20.0,2.0,0.9136,1.7596
26.4,1,21.1277,20.0606,2.0,20.0,20.0,2.0,0.0,1.7599
26.4,2,19.7196,17.3364,2.0,20.0,20.0,2.0,0.9353,1.7599
26.4,3,19.6597,22.8784,2.0,20.0,20.0,2.0,0.9756,1.7599
26.4,4,18.1992,18.2228,2.0,20.0,20.0,2.0,0.9425,1.7599
26.4,5,18.2457,21.8213,2.0,20.0,20.0,2.0,0.9139,1.7599
26.5,1,21.1275,20.0589,2.0,20.0,20.0,2.0,0.0,1.7602
26.5,2,19.718,17.3327,2.0,20.0,20.0,2.0,0.936,1.7602
26.5,3,19.661,22.8755,2.0,20.0,20.0,2.0,0.9754,1.7602
26.5,4,18.1999,18.2237,2.0,20.0,20.0,2.0,0.9421,1.7602
26.5,5,18.2446,21.8218,2.0,20.0,20.0,2.0,0.9142,1.7602
26.6,1,21.1273,20.0573,2.0,20.0,20.0,2.0,0.0,1.7605
26.6,2,19.7164,17.3291,2.0,20.0,20.0,2.0,0.9367,1.7605
26.6,3,19.6623,22.8726,2.0,20.0,20.0,2.0,0.9752,1.7605
26.6,4,18.2006,18.2244,2.0,20.0,20.0,2.0,0.9416,1.7605
26.6,5,18.2435,21.8222,2.0,20.0,20.0,2.0,0.9145,1.7605
26.7,1,21.127,20.0556,2.0,20.0,20.0,2.0,0.0,1.7608
26.7,2,19.7149,17.3255,2.0,20.0,20.0,2.0,0.9374,1.7608
26.7,3,19.6634,22.8697,2.0,20.0,20.0,2.0,0.9749,1.7608
26.7,4,18.2013,18.225,2.0,20.0,20.0,2.0,0.9412,1.7608
26.7,5,18.2424,21.8225,2.0,20.0,20.0,2.0,0.9148,1.7608
26.8,1,21.1268,20.054,2.0,20.0,20.0,2.0,0.0,1.761
26.8,2,19.7135,17.3221,2.0,20.0,20.0,2.0,0.938,1.761
26.8,3,19.6646,22.8669,2.0,20.0,20.0,2.0,0.9747,1.761
26.8,4,18.2019,18.2255,2.0,20.0,20.0,2.0,0.9407,1.761
26.8,5,18.2414,21.8228,2.0,20.0,20.0,2.0,0.9152,1.761
26.9,1,21.1266,20.0524,2.0,20.0,20.0,2.0,0.0,1.7612
26.9,2,19.7121,17.3188,2.0,20.0,20.0,2.0,0.9386,1.7612
26.9,3,19.6656,22.8641,2.0,20.0,20.0,2.0,0.9744,1.7612
26.9,4,18.2025,18.2259,2.0,20.0,20.0,2.0,0.9403,1.7612
26.9,5,18.2404,21.823,2.0,20.0,20.0,2.0,0.9155,1.7612
27.0,1,21.1265,20.0509,2.0,20.0,20.0,2.0,0.0,1.7614
27.0,2,19.7107,17.3156,2.0,20.0,20.0,2.0,0.9392,1.7614
27.0,3,19.6666,22.8614,2.0,20.0,20.0,2.0,0.9741,1.7614
27.0,4,18.203,18.2263,2.0,20.0,20.0,2.0,0.9399,1.7614
27.0,5,18.2394,21.8231,2.0,20.0,20.0,2.0,0.9158,1.7614
27.1,1,21.1263,20.0493,2.0,20.0,20.0,2.0,0.0,1.7616
27.1,2,19.7094,17.3124,2.0,20.0,20.0,2.0,0.9398,1.7616
27.1,3,19.6676,22.8588,2.0,20.0,20.0,2.0,0.9737,1.7616
27.1,4,18.2036,18.2265,2.0,20.0,20.0,2.0,0.9396,1.7616
27.1,5,18.2385,21.8231,2.0,20.0,20.0,2.0,0.9162,1.7616
27.2,1,21.1261,20.0478,2.0,20.0,20.0,2.0,0.0,1.7618
27.2,2,19.7082,17.3094,2.0,20.0,20.0,2.0,0.9403,1.7618
27.2,3,19.6685,22.8561,2.0,20.0,20.0,2.0,0.9734,1.7618
27.2,4,18.2041,18.2267,2.0,20.0,20.0,2.0,0.9392,1.7618
27.2,5,18.2375,21.8231,2.0,20.0,20.0,2.0,0.9165,1.7618
27.3,1,21.1259,20.0464,2.0,20.0,20.0,2.0,0.0,1.7619
27.3,2,19.707,17.3064,2.0,20.0,20.0,2.0,0.9408,1.7619
27.3,3,19.6693,22.8536,2.0,20.0,20.0,2.0,0.9731,1.7619
27.3,4,18.2046,18.2268,2.0,20.0,20.0,2.0,0.9389,1.7619
27.3,5,18.2367,21.823,2.0,20.0,20.0,2.0,0.9169,1.7619
27.4,1,21.1258,20.0449,2.0,20.0,20.0,2.0,0.0,1.7621
27.4,2,19.7059,17.3036,2.0,20.0,20.0,2.0,0.9413,1.7621
27.4,3,19.6701,22.8511,2.0,20.0,20.0,2.0,0.9727,1.7621
27.4,4,18.2051,18.2269,2.0,20.0,20.0,2.0,0.9385,1.7621
27.4,5,18.2358,21.8229,2.0,20.0,20.0,2.0,0.9172,1.7621
27.5,1,21.1256,20.0435,2.0,20.0,20.0,2.0,0.0,1.7622
27.5,2,19.7048,17.3008,2.0,20.0,20.0,2.0,0.9418,1.7622
27.5,3,19.6709,22.8486,2.0,20.0,20.0,2.0,0.9724,1.7622
27.5,4,18.2055,18.2269,2.0,20.0,20.0,2.0,0.9382,1.7622
27.5,5,18.235,21.8227,2.0,20.0,20.0,2.0,0.9176,1.7622
27.6,1,21.1255,20.0421,2.0,20.0,20.0,2.0,0.0,1.7623
27.6,2,19.7037,17.2981,2.0,20.0,20.0,2.0,0.9423,1.7623
27.6,3,19.6716,22.8462,2.0,20.0,20.0,2.0,0.972,1.7623
27.6,4,18.2059,18.2268,2.0,20.0,20.0,2.0,0.9379,1.7623
27.6,5,18.2342,21.8226,2.0,20.0,20.0,2.0,0.9179,1.7623
27.7,1,21.1253,20.0408,2.0,20.0,20.0,2.0,0.0,1.7625
27.7,2,19.7027,17.2955,2.0,20.0,20.0,2.0,0.9428,1.7625
27.7,3,19.6723,22.8439,2.0,20.0,20.0,2.0,0.9716,1.7625
27.7,4,18.2064,18.2267,2.0,20.0,20.0,2.0,0.9376,1.7625
27.7,5,18.2335,21.8223,2.0,20.0,20.0,2.0,0.9182,1.7625
27.8,1,21.1252,20.0395,2.0,20.0,20.0,2.0,0.0,1.7626
27.8,2,19.7017,17.2929,2.0,20.0,20.0,2.0,0.9432,1.7626
27.8,3,19.6729,22.8416,2.0,20.0,20.0,2.0,0.9713,1.7626
27.8,4,18.2068,18.2266,2.0,20.0,20.0,2.0,0.9373,1.7626
27.8,5,18.2327,21.8221,2.0,20.0,20.0,2.0,0.9186,1.7626
27.9,1,21.125,20.0382,2.0,20.0,20.0,2.0,0.0,1.7627
27.9,2,19.7008,17.2905,2.0,20.0,20.0,2.0,0.9437,1.7627
27.9,3,19.6735,22.8394,2.0,20.0,20.0,2.0,0.9709,1.7627
27.9,4,18.2072,18.2264,2.0,20.0,20.0,2.0,0.937,1.7627
27.9,5,18.232,21.8218,2.0,20.0,20.0,2.0,0.9189,1.7627
28.0,1,21.1249,20.0369,2.0,20.0,20.0,2.0,0.0,1.7627
28.0,2,19.6999,17.2881,2.0,20.0,20.0,2.0,0.9441,1.7627
28.0,3,19.6741,22.8372,2.0,20.0,20.0,2.0,0.9706,1.7627
28.0,4,18.2075,18.2262,2.0,20.0,20.0,2.0,0.9367,1.7627
28.0,5,18.2313,21.8214,2.0,20.0,20.0,2.0,0.9192,1.7627
28.1,1,21.1248,20.0357,2.0,20.0,20.0,2.0,0.0,1.7628
28.1,2,19.6991,17.2858,2.0,20.0,20.0,2.0,0.9445,1.7628
28.1,3,19.6746,22.8351,2.0,20.0,20.0,2.0,0.9702,1.7628
28.1,4,18.2079,18.226,2.0,20.0,20.0,2.0,0.9364,1.7628
28.1,5,18.2307,21.8211,2.0,20.0,20.0,2.0,0.9195,1.7628
28.2,1,21.1247,20.0345,2.0,20.0,20.0,2.0,0.0,1.7629
28.2,2,19.6983,17.2836,2.0,20.0,20.0,2.0,0.9449,1.7629
28.2,3,19.6751,22.833,2.0,20.0,20.0,2.0,0.9698,1.7629
28.2,4,18.2082,18.2257,2.0,20.0,20.0,2.0,0.9362,1.7629
28.2,5,18.2301,21.8207,2.0,20.0,20.0,2.0,0.9198,1.7629
28.3,1,21.1246,20.0333,2.0,20.0,20.0,2.0,0.0,1.763
28.3,2,19.6975,17.2814,2.0,20.0,20.0,2.0,0.9453,1.763
28.3,3,19.6756,22.831,2.0,20.0,20.0,2.0,0.9695,1.763
28.3,4,18.2086,18.2254,2.0,20.0,20.0,2.0,0.9359,1.763
28.3,5,18.2295,21.8203,2.0,20.0,20.0,2.0,0.9201,1.763
28.4,1,21.1245,20.0322,2.0,20.0,20.0,2.0,0.0,1.763
28.4,2,19.6968,17.2793,2.0,20.0,20.0,2.0,0.9457,1.763
28.4,3,19.6761,22.829,2.0,20.0,20.0,2.0,0.9691,1.763
28.4,4,18.2089,18.2251,2.0,20.0,20.0,2.0,0.9357,1.763
28.4,5,18.2289,21.82,2.0,20.0,20.0,2.0,0.9204,1.763
28.5,1,21.1244,20.0311,2.0,20.0,20.0,2.0,0.0,1.7631
28.5,2,19.6961,17.2773,2.0,20.0,20.0,2.0,0.9461,1.7631
28.5,3,19.6765,22.8271,2.0,20.0,20.0,2.0,0.9688,1.7631
28.5,4,18.2092,18.2247,2.0,20.0,20.0,2.0,0.9354,1.7631
28.5,5,18.2283,21.8195,2.0,20.0,20.0,2.0,0.9207,1.7631
28.6,1,21.1243,20.03,2.0,20.0,20.0,2.0,0.0,1.7631
28.6,2,19.6954,17.2753,2.0,20.0,20.0,2.0,0.9464,1.7631
28.6,3,19.6769,22.8253,2.0,20.0,20.0,2.0,0.9685,1.7631
28.6,4,18.2095,18.2244,2.0,20.0,20.0,2.0,0.9352,1.7631
28.6,5,18.2278,21.8191,2.0,20.0,20.0,2.0,0.921,1.7631
28.7,1,21.1242,20.029,2.0,20.0,20.0,2.0,0.0,1.7632
28.7,2,19.6948,17.2734,2.0,20.0,20.0,2.0,0.9468,1.7632
28.7,3,19.6773,22.8235,2.0,20.0,20.0,2.0,0.9681,1.7632
28.7,4,18.2098,18.224,2.0,20.0,20.0,2.0,0.935,1.7632
28.7,5,18.2273,21.8187,2.0,20.0,20.0,2.0,0.9212,1.7632
28.8,1,21.1241,20.028,2.0,20.0,20.0,2.0,0.0,1.7632
28.8,2,19.6942,17.2716,2.0,20.0,20.0,2.0,0.9471,1.7632
28.8,3,19.6777,22.8218,2.0,20.0,20.0,2.0,0.9678,1.7632
28.8,4,18.21,18.2236,2.0,20.0,20.0,2.0,0.9348,1.7632
28.8,5,18.2268,21.8182,2.0,20.0,20.0,2.0,0.9215,1.7632
28.9,1,21.124,20.027,2.0,20.0,20.0,2.0,0.0,1.7633
28.9,2,19.6936,17.2698,2.0,20.0,20.0,2.0,0.9475,1.7633
28.9,3,19.678,22.8201,2.0,20.0,20.0,2.0,0.9675,1.7633
28.9,4,18.2103,18.2232,2.0,20.0,20.0,2.0,0.9346,1.7633
28.9,5,18.2263,21.8178,2.0,20.0,20.0,2.0,0.9218,1.7633
29.0,1,21.1239,20.026,2.0,20.0,20.0,2.0,0.0,1.7633
29.0,2,19.693,17.2681,2.0,20.0,20.0,2.0,0.9478,1.7633
29.0,3,19.6784,22.8185,2.0,20.0,20.0,2.0,0.9671,1.7633
29.0,4,18.2105,18.2228,2.0,20.0,20.0,2.0,0.9344,1.7633
29.0,5,18.2259,21.8173,2.0,20.0,20.0,2.0,0.922,1.7633
29.1,1,21.1239,20.0251,2.0,20.0,20.0,2.0,0.0,1.7634
29.1,2,19.6925,17.2665,2.0,20.0,20.0,2.0,0.9481,1.7634
29.1,3,19.6787,22.8169,2.0,20.0,20.0,2.0,0.9668,1.7634
29.1,4,18.2108,18.2224,2.0,20.0,20.0,2.0,0.9342,1.7634
29.1,5,18.2254,21.8169,2.0,20.0,20.0,2.0,0.9222,1.7634
29.2,1,21.1238,20.0242,2.0,20.0,20.0,2.0,0.0,1.7634
29.2,2,19.692,17.2649,2.0,20.0,20.0,2.0,0.9484,1.7634
29.2,3,19.679,22.8153,2.0,20.0,20.0,2.0,0.9665,1.7634
29.2,4,18.211,18.222,2.0,20.0,20.0,2.0,0.934,1.7634
29.2,5,18.225,21.8164,2.0,20.0,20.0,2.0,0.9225,1.7634
29.3,1,21.1237,20.0233,2.0,20.0,20.0,2.0,0.0,1.7634
29.3,2,19.6916,17.2633,2.0,20.0,20.0,2.0,0.9487,1.7634
29.3,3,19.6792,22.8139,2.0,20.0,20.0,2.0,0.9662,1.7634
29.3,4,18.2112,18.2216,2.0,20.0,20.0,2.0,0.9338,1.7634
29.3,5,18.2246,21.816,2.0,20.0,20.0,2.0,0.9227,1.7634
29.4,1,21.1237,20.0225,2.0,20.0,20.0,2.0,0.0,1.7635
29.4,2,19.6911,17.2618,2.0,20.0,20.0,2.0,0.949,1.7635
29.4,3,19.6795,22.8124,2.0,20.0,20.0,2.0,0.9659,1.7635
29.4,4,18.2115,18.2212,2.0,20.0,20.0,2.0,0.9336,1.7635
29.4,5,18.2242,21.8155,2.0,20.0,20.0,2.0,0.9229,1.7635
29.5,1,21.1236,20.0216,2.0,20.0,20.0,2.0,0.0,1.7635
29.5,2,19.6907,17.2604,2.0,20.0,20.0,2.0,0.9493,1.7635
29.5,3,19.6797,22.811,2.0,20.0,20.0,2.0,0.9656,1.7635
29.5,4,18.2117,18.2208,2.0,20.0,20.0,2.0,0.9334,1.7635
29.5,5,18.2239,21.8151,2.0,20.0,20.0,2.0,0.9232,1.7635
29.6,1,21.1236,20.0208,2.0,20.0,20.0,2.0,0.0,1.7635
29.6,2,19.6903,17.259,2.0,20.0,20.0,2.0,0.9495,1.7635
29.6,3,19.68,22.8097,2.0,20.0,20.0,2.0,0.9653,1.7635
29.6,4,18.2119,18.2203,2.0,20.0,20.0,2.0,0.9333,1.7635
29.6,5,18.2235,21.8146,2.0,20.0,20.0,2.0,0.9234,1.7635
29.7,1,21.1235,20.0201,2.0,20.0,20.0,2.0,0.0,1.7635
29.7,2,19.6899,17.2576,2.0,20.0,20.0,2.0,0.9498,1.7635
29.7,3,19.6802,22.8084,2.0,20.0,20.0,2.0,0.9651,1.7635
29.7,4,18.212,18.2199,2.0,20.0,20.0,2.0,0.9331,1.7635
29.7,5,18.2232,21.8141,2.0,20.0,20.0,2.0,0.9236,1.7635
29.8,1,21.1235,20.0193,2.0,20.0,20.0,2.0,0.0,1.7635
29.8,2,19.6895,17.2563,2.0,20.0,20.0,2.0,0.95,1.7635
29.8,3,19.6804,22.8071,2.0,20.0,20.0,2.0,0.9648,1.7635
29.8,4,18.2122,18.2195,2.0,20.0,20.0,2.0,0.933,1.7635
29.8,5,18.2229,21.8137,2.0,20.0,20.0,2.0,0.9238,1.7635
29.9,1,21.1234,20.0186,2.0,20.0,20.0,2.0,0.0,1.7636
29.9,2,19.6892,17.2551,2.0,20.0,20.0,2.0,0.9503,1.7636
29.9,3,19.6806,22.8059,2.0,20.0,20.0,2.0,0.9645,1.7636
29.9,4,18.2124,18.2191,2.0,20.0,20.0,2.0,0.9328,1.7636
29.9,5,18.2226,21.8132,2.0,20.0,20.0,2.0,0.924,1.7636
30.0,1,21.1234,20.0179,2.0,20.0,20.0,2.0,0.0,1.7636
30.0,2,19.6888,17.2539,2.0,20.0,20.0,2.0,0.9505,1.7636
30.0,3,19.6808,22.8047,2.0,20.0,20.0,2.0,0.9643,1.7636
30.0,4,18.2126,18.2187,2.0,20.0,20.0,2.0,0.9327,1.7636
30.0,5,18.2223,21.8128,2.0,20.0,20.0,2.0,0.9241,1.7636
30.1,1,21.1233,20.0172,2.0,20.0,20.0,2.0,0.0,1.7636
30.1,2,19.6885,17.2527,2.0,20.0,20.0,2.0,0.9508,1.7636
30.1,3,19.681,22.8036,2.0,20.0,20.0,2.0,0.964,1.7636
30.1,4,18.2127,18.2182,2.0,20.0,20.0,2.0,0.9325,1.7636
30.1,5,18.222,21.8124,2.0,20.0,20.0,2.0,0.9243,1.7636
30.2,1,21.1233,20.0166,2.0,20.0,20.0,2.0,0.0,1.7636
30.2,2,19.6882,17.2516,2.0,20.0,20.0,2.0,0.951,1.7636
30.2,3,19.6811,22.8025,2.0,20.0,20.0,2.0,0.9638,1.7636
30.2,4,18.2129,18.2178,2.0,20.0,20.0,2.0,0.9324,1.7636
30.2,5,18.2217,21.8119,2.0,20.0,20.0,2.0,0.9245,1.7636
30.3,1,21.1232,20.0159,2.0,20.0,20.0,2.0,0.0,1.7636
30.3,2,19.688,17.2505,2.0,20.0,20.0,2.0,0.9512,1.7636
30.3,3,19.6813,22.8014,2.0,20.0,20.0,2.0,0.9635,1.7636
30.3,4,18.213,18.2174,2.0,20.0,20.0,2.0,0.9322,1.7636
30.3,5,18.2215,21.8115,2.0,20.0,20.0,2.0,0.9247,1.7636
30.4,1,21.1232,20.0153,2.0,20.0,20.0,2.0,0.0,1.7636
30.4,2,19.6877,17.2495,2.0,20.0,20.0,2.0,0.9514,1.7636
30.4,3,19.6814,22.8004,2.0,20.0,20.0,2.0,0.9633,1.7636
30.4,4,18.2132,18.217,2.0,20.0,20.0,2.0,0.9321,1.7636
30.4,5,18.2212,21.8111,2.0,20.0,20.0,2.0,0.9248,1.7636
30.5,1,21.1232,20.0147,2.0,20.0,20.0,2.0,0.0,1.7636
30.5,2,19.6874,17.2485,2.0,20.0,20.0,2.0,0.9516,1.7636
30.5,3,19.6816,22.7994,2.0,20.0,20.0,2.0,0.9631,1.7636
30.5,4,18.2133,18.2166,2.0,20.0,20.0,2.0,0.932,1.7636
30.5,5,18.221,21.8107,2.0,20.0,20.0,2.0,0.925,1.7636
30.6,1,21.1231,20.0142,2.0,20.0,20.0,2.0,0.0,1.7637
30.6,2,19.6872,17.2475,2.0,20.0,20.0,2.0,0.9518,1.7637
30.6,3,19.6817,22.7985,2.0,20.0,20.0,2.0,0.9629,1.7637
30.6,4,18.2134,18.2162,2.0,20.0,20.0,2.0,0.9319,1.7637
30.6,5,18.2208,21.8103,2.0,20.0,20.0,2.0,0.9251,1.7637
30.7,1,21.1231,20.0136,2.0,20.0,20.0,2.0,0.0,1.7637
30.7,2,19.687,17.2465,2.0,20.0,20.0,2.0,0.952,1.7637
30.7,3,19.6818,22.7975,2.0,20.0,20.0,2.0,0.9627,1.7637
30.7,4,18.2136,18.2159,2.0,20.0,20.0,2.0,0.9318,1.7637
30.7,5,18.2205,21.8099,2.0,20.0,20.0,2.0,0.9253,1.7637
30.8,1,21.1231,20.0131,2.0,20.0,20.0,2.0,0.0,1.7637
30.8,2,19.6868,17.2456,2.0,20.0,20.0,2.0,0.9522,1.7637
30.8,3,19.6819,22.7967,2.0,20.0,20.0,2.0,0.9625,1.7637
30.8,4,18.2137,18.2155,2.0,20.0,20.0,2.0,0.9316,1.7637
30.8,5,18.2203,21.8095,2.0,20.0,20.0,2.0,0.9254,1.7637
30.9,1,21.123,20.0126,2.0,20.0,20.0,2.0,0.0,1.7637
30.9,2,19.6866,17.2448,2.0,20.0,20.0,2.0,0.9524,1.7637
30.9,3,19.682,22.7958,2.0,20.0,20.0,2.0,0.9623,1.7637
30.9,4,18.2138,18.2151,2.0,20.0,20.0,2.0,0.9315,1.7637
30.9,5,18.2201,21.8091,2.0,20.0,20.0,2.0,0.9255,1.7637
31.0,1,21.123,20.0121,2.0,20.0,20.0,2.0,0.0,1.7637
31.0,2,19.6864,17.2439,2.0,20.0,20.0,2.0,0.9526,1.7637
31.0,3,19.6821,22.795,2.0,20.0,20.0,2.0,0.9621,1.7637
31.0,4,18.2139,18.2147,2.0,20.0,20.0,2.0,0.9314,1.7637
31.0,5,18.22,21.8087,2.0,20.0,20.0,2.0,0.9257,1.7637
31.1,1,21.123,20.0116,2.0,20.0,20.0,2.0,0.0,1.7637
31.1,2,19.6862,17.2431,2.0,20.0,20.0,2.0,0.9527,1.7637
31.1,3,19.6822,22.7942,2.0,20.0,20.0,2.0,0.9619,1.7637
31.1,4,18.214,18.2144,2.0,20.0,20.0,2.0,0.9313,1.7637
31.1,5,18.2198,21.8083,2.0,20.0,20.0,2.0,0.9258,1.7637
31.2,1,21.123,20.0111,2.0,20.0,20.0,2.0,0.0,1.7637
31.2,2,19.686,17.2424,2.0,20.0,20.0,2.0,0.9529,1.7637
31.2,3,19.6823,22.7934,2.0,20.0,20.0,2.0,0.9617,1.7637
31.2,4,18.2141,18.214,2.0,20.0,20.0,2.0,0.9312,1.7637
31.2,5,18.2196,21.808,2.0,20.0,20.0,2.0,0.9259,1.7637
31.3,1,21.1229,20.0107,2.0,20.0,20.0,2.0,0.0,1.7637
31.3,2,19.6858,17.2416,2.0,20.0,20.0,2.0,0.953,1.7637
31.3,3,19.6824,22.7927,2.0,20.0,20.0,2.0,0.9615,1.7637
31.3,4,18.2142,18.2137,2.0,20.0,20.0,2.0,0.9311,1.7637
31.3,5,18.2194,21.8076,2.0,20.0,20.0,2.0,0.926,1.7637
31.4,1,21.1229,20.0102,2.0,20.0,20.0,2.0,0.0,1.7637
31.4,2,19.6857,17.2409,2.0,20.0,20.0,2.0,0.9532,1.7637
31.4,3,19.6825,22.792,2.0,20.0,20.0,2.0,0.9614,1.7637
31.4,4,18.2143,18.2134,2.0,20.0,20.0,2.0,0.931,1.7637
31.4,5,18.2193,21.8073,2.0,20.0,20.0,2.0,0.9261,1.7637
31.5,1,21.1229,20.0098,2.0,20.0,20.0,2.0,0.0,1.7637
31.5,2,19.6855,17.2402,2.0,20.0,20.0,2.0,0.9534,1.7637
31.5,3,19.6826,22.7913,2.0,20.0,20.0,2.0,0.9612,1.7637
31.5,4,18.2144,18.213,2.0,20.0,20.0,2.0,0.9309,1.7637
31.5,5,18.2191,21.8069,2.0,20.0,20.0,2.0,0.9263,1.7637
31.6,1,21.1229,20.0094,2.0,20.0,20.0,2.0,0.0,1.7637
31.6,2,19.6854,17.2396,2.0,20.0,20.0,2.0,0.9535,1.7637
31.6,3,19.6826,22.7906,2.0,20.0,20.0,2.0,0.9611,1.7637
31.6,4,18.2145,18.2127,2.0,20.0,20.0,2.0,0.9309,1.7637
31.6,5,18.219,21.8066,2.0,20.0,20.0,2.0,0.9264,1.7637
31.7,1,21.1229,20.009,2.0,20.0,20.0,2.0,0.0,1.7637
31.7,2,19.6853,17.2389,2.0,20.0,20.0,2.0,0.9536,1.7637
31.7,3,19.6827,22.79,2.0,20.0,20.0,2.0,0.9609,1.7637
31.7,4,18.2146,18.2124,2.0,20.0,20.0,2.0,0.9308,1.7637
31.7,5,18.2189,21.8063,2.0,20.0,20.0,2.0,0.9265,1.7637
31.8,1,21.1228,20.0087,2.0,20.0,20.0,2.0,0.0,1.7637
31.8,2,19.6852,17.2383,2.0,20.0,20.0,2.0,0.9538,1.7637
31.8,3,19.6828,22.7894,2.0,20.0,20.0,2.0,0.9608,1.7637
31.8,4,18.2146,18.2121,2.0,20.0,20.0,2.0,0.9307,1.7637
31.8,5,18.2187,21.806,2.0,20.0,20.0,2.0,0.9266,1.7637
31.9,1,21.1228,20.0083,2.0,20.0,20.0,2.0,0.0,1.7637
31.9,2,19.685,17.2377,2.0,20.0,20.0,2.0,0.9539,1.7637
31.9,3,19.6828,22.7888,2.0,20.0,20.0,2.0,0.9606,1.7637
31.9,4,18.2147,18.2118,2.0,20.0,20.0,2.0,0.9306,1.7637
31.9,5,18.2186,21.8057,2.0,20.0,20.0,2.0,0.9266,1.7637
32.0,1,21.1228,20.008,2.0,20.0,20.0,2.0,0.0,1.7637
32.0,2,19.6849,17.2372,2.0,20.0,20.0,2.0,0.954,1.7637
32.0,3,19.6829,22.7883,2.0,20.0,20.0,2.0,0.9605,1.7637
32.0,4,18.2148,18.2115,2.0,20.0,20.0,2.0,0.9305,1.7637
32.0,5,18.2185,21.8054,2.0,20.0,20.0,2.0,0.9267,1.7637
32.1,1,21.1228,20.0076,2.0,20.0,20.0,2.0,0.0,1.7637
32.1,2,19.6848,17.2366,2.0,20.0,20.0,2.0,0.9541,1.7637
32.1,3,19.6829,22.7877,2.0,20.0,20.0,2.0,0.9603,1.7637
32.1,4,18.2149,18.2112,2.0,20.0,20.0,2.0,0.9305,1.7637
32.1,5,18.2184,21.8051,2.0,20.0,20.0,2.0,0.9268,1.7637
32.2,1,21.1228,20.0073,2.0,20.0,20.0,2.0,0.0,1.7637
32.2,2,19.6847,17.2361,2.0,20.0,20.0,2.0,0.9543,1.7637
32.2,3,19.683,22.7872,2.0,20.0,20.0,2.0,0.9602,1.7637
32.2,4,18.2149,18.2109,2.0,20.0,20.0,2.0,0.9304,1.7637
32.2,5,18.2183,21.8048,2.0,20.0,20.0,2.0,0.9269,1.7637
32.3,1,21.1228,20.007,2.0,20.0,20.0,2.0,0.0,1.7637
32.3,2,19.6846,17.2356,2.0,20.0,20.0,2.0,0.9544,1.7637
32.3,3,19.683,22.7867,2.0,20.0,20.0,2.0,0.9601,1.7637
32.3,4,18.215,18.2107,2.0,20.0,20.0,2.0,0.9303,1.7637
32.3,5,18.2182,21.8045,2.0,20.0,20.0,2.0,0.927,1.7637
32.4,1,21.1228,20.0067,2.0,20.0,20.0,2.0,0.0,1.7637
32.4,2,19.6846,17.2351,2.0,20.0,20.0,2.0,0.9545,1.7637
32.4,3,19.6831,22.7862,2.0,20.0,20.0,2.0,0.96,1.7637
32.4,4,18.215,18.2104,2.0,20.0,20.0,2.0,0.9303,1.7637
32.4,5,18.2181,21.8043,2.0,20.0,20.0,2.0,0.9271,1.7637
32.5,1,21.1227,20.0064,2.0,20.0,20.0,2.0,0.0,1.7636
32.5,2,19.6845,17.2346,2.0,20.0,20.0,2.0,0.9546,1.7636
32.5,3,19.6831,22.7858,2.0,20.0,20.0,2.0,0.9599,1.7636
32.5,4,18.2151,18.2102,2.0,20.0,20.0,2.0,0.9302,1.7636
32.5,5,18.218,21.804,2.0,20.0,20.0,2.0,0.9271,1.7636
32.6,1,21.1227,20.0062,2.0,20.0,20.0,2.0,0.0,1.7636
32.6,2,19.6844,17.2342,2.0,20.0,20.0,2.0,0.9547,1.7636
32.6,3,19.6831,22.7853,2.0,20.0,20.0,2.0,0.9598,1.7636
32.6,4,18.2152,18.2099,2.0,20.0,20.0,2.0,0.9302,1.7636
32.6,5,18.2179,21.8037,2.0,20.0,20.0,2.0,0.9272,1.7636
32.7,1,21.1227,20.0059,2.0,20.0,20.0,2.0,0.0,1.7636
32.7,2,19.6843,17.2338,2.0,20.0,20.0,2.0,0.9548,1.7636
32.7,3,19.6832,22.7849,2.0,20.0,20.0,2.0,0.9597,1.7636
32.7,4,18.2152,18.2097,2.0,20.0,20.0,2.0,0.9301,1.7636
32.7,5,18.2178,21.8035,2.0,20.0,20.0,2.0,0.9273,1.7636
32.8,1,21.1227,20.0057,2.0,20.0,20.0,2.0,0.0,1.7636
32.8,2,19.6843,17.2334,2.0,20.0,20.0,2.0,0.9549,1.7636
32.8,3,19.6832,22.7845,2.0,20.0,20.0,2.0,0.9595,1.7636
32.8,4,18.2153,18.2094,2.0,20.0,20.0,2.0,0.93,1.7636
32.8,5,18.2177,21.8033,2.0,20.0,20.0,2.0,0.9273,1.7636
32.9,1,21.1227,20.0054,2.0,20.0,20.0,2.0,0.0,1.7636
32.9,2,19.6842,17.233,2.0,20.0,20.0,2.0,0.955,1.7636
32.9,3,19.6832,22.7841,2.0,20.0,20.0,2.0,0.9594,1.7636
32.9,4,18.2153,18.2092,2.0,20.0,20.0,2.0,0.93,1.7636
32.9,5,18.2177,21.803,2.0,20.0,20.0,2.0,0.9274,1.7636
33.0,1,21.1227,20.0052,2.0,20.0,20.0,2.0,0.0,1.7636
33.0,2,19.6842,17.2326,2.0,20.0,20.0,2.0,0.9551,1.7636
33.0,3,19.6833,22.7837,2.0,20.0,20.0,2.0,0.9594,1.7636
33.0,4,18.2154,18.209,2.0,20.0,20.0,2.0,0.9299,1.7636
33.0,5,18.2176,21.8028,2.0,20.0,20.0,2.0,0.9275,1.7636
33.1,1,21.1227,20.005,2.0,20.0,20.0,2.0,0.0,1.7636
33.1,2,19.6841,17.2322,2.0,20.0,20.0,2.0,0.9551,1.7636
33.1,3,19.6833,22.7834,2.0,20.0,20.0,2.0,0.9593,1.7636
33.1,4,18.2154,18.2088,2.0,20.0,20.0,2.0,0.9299,1.7636
33.1,5,18.2175,21.8026,2.0,20.0,20.0,2.0,0.9275,1.7636
33.2,1,21.1227,20.0048,2.0,20.0,20.0,2.0,0.0,1.7636
33.2,2,19.684,17.2319,2.0,20.0,20.0,2.0,0.9552,1.7636
33.2,3,19.6833,22.783,2.0,20.0,20.0,2.0,0.9592,1.7636
33.2,4,18.2154,18.2086,2.0,20.0,20.0,2.0,0.9298,1.7636
33.2,5,18.2174,21.8024,2.0,20.0,20.0,2.0,0.9276,1.7636
33.3,1,21.1227,20.0045,2.0,20.0,20.0,2.0,0.0,1.7636
33.3,2,19.684,17.2316,2.0,20.0,20.0,2.0,0.9553,1.7636
33.3,3,19.6833,22.7827,2.0,20.0,20.0,2.0,0.9591,1.7636
33.3,4,18.2155,18.2084,2.0,20.0,20.0,2.0,0.9298,1.7636
33.3,5,18.2174,21.8022,2.0,20.0,20.0,2.0,0.9276,1.7636
33.4,1,21.1227,20.0044,2.0,20.0,20.0,2.0,0.0,1.7636
33.4,2,19.684,17.2312,2.0,20.0,20.0,2.0,0.9554,1.7636
33.4,3,19.6834,22.7824,2.0,20.0,20.0,2.0,0.959,1.7636
33.4,4,18.2155,18.2082,2.0,20.0,20.0,2.0,0.9298,1.7636
33.4,5,18.2173,21.802,2.0,20.0,20.0,2.0,0.9277,1.7636
33.5,1,21.1227,20.0042,2.0,20.0,20.0,2.0,0.0,1.7636
33.5,2,19.6839,17.2309,2.0,20.0,20.0,2.0,0.9555,1.7636
33.5,3,19.6834,22.7821,2.0,20.0,20.0,2.0,0.9589,1.7636
33.5,4,18.2156,18.208,2.0,20.0,20.0,2.0,0.9297,1.7636
33.5,5,18.2173,21.8018,2.0,20.0,20.0,2.0,0.9277,1.7636
33.6,1,21.1226,20.004,2.0,20.0,20.0,2.0,0.0,1.7636
33.6,2,19.6839,17.2306,2.0,20.0,20.0,2.0,0.9555,1.7636
33.6,3,19.6834,22.7818,2.0,20.0,20.0,2.0,0.9589,1.7636
33.6,4,18.2156,18.2078,2.0,20.0,20.0,2.0,0.9297,1.7636
33.6,5,18.2172,21.8016,2.0,20.0,20.0,2.0,0.9278,1.7636
33.7,1,21.1226,20.0038,2.0,20.0,20.0,2.0,0.0,1.7636
33.7,2,19.6838,17.2304,2.0,20.0,20.0,2.0,0.9556,1.7636
33.7,3,19.6834,22.7815,2.0,20.0,20.0,2.0,0.9588,1.7636
33.7,4,18.2156,18.2076,2.0,20.0,20.0,2.0,0.9296,1.7636
33.7,5,18.2172,21.8014,2.0,20.0,20.0,2.0,0.9278,1.7636
33.8,1,21.1226,20.0036,2.0,20.0,20.0,2.0,0.0,1.7636
33.8,2,19.6838,17.2301,2.0,20.0,20.0,2.0,0.9557,1.7636
33.8,3,19.6834,22.7812,2.0,20.0,20.0,2.0,0.9587,1.7636
33.8,4,18.2157,18.2075,2.0,20.0,20.0,2.0,0.9296,1.7636
33.8,5,18.2171,21.8013,2.0,20.0,20.0,2.0,0.9279,1.7636
33.9,1,21.1226,20.0035,2.0,20.0,20.0,2.0,0.0,1.7636
33.9,2,19.6838,17.2298,2.0,20.0,20.0,2.0,0.9557,1.7636
33.9,3,19.6834,22.781,2.0,20.0,20.0,2.0,0.9586,1.7636
33.9,4,18.2157,18.2073,2.0,20.0,20.0,2.0,0.9296,1.7636
33.9,5,18.2171,21.8011,2.0,20.0,20.0,2.0,0.9279,1.7636
34.0,1,21.1226,20.0033,2.0,20.0,20.0,2.0,0.0,1.7636
34.0,2,19.6837,17.2296,2.0,20.0,20.0,2.0,0.9558,1.7636
34.0,3,19.6834,22.7807,2.0,20.0,20.0,2.0,0.9586,1.7636
34.0,4,18.2157,18.2071,2.0,20.0,20.0,2.0,0.9295,1.7636
34.0,5,18.217,21.8009,2.0,20.0,20.0,2.0,0.9279,1.7636
34.1,1,21.1226,20.0032,2.0,20.0,20.0,2.0,0.0,1.7636
34.1,2,19.6837,17.2294,2.0,20.0,20.0,2.0,0.9558,1.7636
34.1,3,19.6835,22.7805,2.0,20.0,20.0,2.0,0.9585,1.7636
34.1,4,18.2157,18.207,2.0,20.0,20.0,2.0,0.9295,1.7636
34.1,5,18.217,21.8008,2.0,20.0,20.0,2.0,0.928,1.7636
34.2,1,21.1226,20.003,2.0,20.0,20.0,2.0,0.0,1.7636
34.2,2,19.6837,17.2291,2.0,20.0,20.0,2.0,0.9559,1.7636
34.2,3,19.6835,22.7803,2.0,20.0,20.0,2.0,0.9585,1.7636
34.2,4,18.2158,18.2068,2.0,20.0,20.0,2.0,0.9295,1.7636
34.2,5,18.2169,21.8006,2.0,20.0,20.0,2.0,0.928,1.7636
34.3,1,21.1226,20.0029,2.0,20.0,20.0,2.0,0.0,1.7636
34.3,2,19.6837,17.2289,2.0,20.0,20.0,2.0,0.9559,1.7636
34.3,3,19.6835,22.7801,2.0,20.0,20.0,2.0,0.9584,1.7636
34.3,4,18.2158,18.2067,2.0,20.0,20.0,2.0,0.9294,1.7636
34.3,5,18.2169,21.8005,2.0,20.0,20.0,2.0,0.928,1.7636
34.4,1,21.1226,20.0028,2.0,20.0,20.0,2.0,0.0,1.7636
34.4,2,19.6836,17.2287,2.0,20.0,20.0,2.0,0.956,1.7636
34.4,3,19.6835,22.7798,2.0,20.0,20.0,2.0,0.9584,1.7636
34.4,4,18.2158,18.2066,2.0,20.0,20.0,2.0,0.9294,1.7636
34.4,5,18.2169,21.8003,2.0,20.0,20.0,2.0,0.9281,1.7636
34.5,1,21.1226,20.0026,2.0,20.0,20.0,2.0,0.0,1.7636
34.5,2,19.6836,17.2285,2.0,20.0,20.0,2.0,0.956,1.7636
34.5,3,19.6835,22.7796,2.0,20.0,20.0,2.0,0.9583,1.7636
34.5,4,18.2158,18.2064,2.0,20.0,20.0,2.0,0.9294,1.7636
34.5,5,18.2168,21.8002,2.0,20.0,20.0,2.0,0.9281,1.7636
34.6,1,21.1226,20.0025,2.0,20.0,20.0,2.0,0.0,1.7636
34.6,2,19.6836,17.2283,2.0,20.0,20.0,2.0,0.9561,1.7636
34.6,3,19.6835,22.7795,2.0,20.0,20.0,2.0,0.9582,1.7636
34.6,4,18.2159,18.2063,2.0,20.0,20.0,2.0,0.9294,1.7636
34.6,5,18.2168,21.8001,2.0,20.0,20.0,2.0,0.9281,1.7636
34.7,1,21.1226,20.0024,2.0,20.0,20.0,2.0,0.0,1.7636
34.7,2,19.6836,17.2281,2.0,20.0,20.0,2.0,0.9561,1.7636
34.7,3,19.6835,22.7793,2.0,20.0,20.0,2.0,0.9582,1.7636
34.7,4,18.2159,18.2062,2.0,20.0,20.0,2.0,0.9293,1.7636
34.7,5,18.2168,21.7999,2.0,20.0,20.0,2.0,0.9282,1.7636
34.8,1,21.1226,20.0023,2.0,20.0,20.0,2.0,0.0,1.7636
34.8,2,19.6836,17.228,2.0,20.0,20.0,2.0,0.9562,1.7636
34.8,3,19.6835,22.7791,2.0,20.0,20.0,2.0,0.9582,1.7636
34.8,4,18.2159,18.206,2.0,20.0,20.0,2.0,0.9293,1.7636
34.8,5,18.2167,21.7998,2.0,20.0,20.0,2.0,0.9282,1.7636
34.9,1,21.1226,20.0022,2.0,20.0,20.0,2.0,0.0,1.7636
34.9,2,19.6835,17.2278,2.0,20.0,20.0,2.0,0.9562,1.7636
34.9,3,19.6835,22.7789,2.0,20.0,20.0,2.0,0.9581,1.7636
34.9,4,18.2159,18.2059,2.0,20.0,20.0,2.0,0.9293,1.7636
34.9,5,18.2167,21.7997,2.0,20.0,20.0,2.0,0.9282,1.7636
35.0,1,21.1226,20.0021,2.0,20.0,20.0,2.0,0.0,1.7636
35.0,2,19.6835,17.2276,2.0,20.0,20.0,2.0,0.9563,1.7636
35.0,3,19.6835,22.7788,2.0,20.0,20.0,2.0,0.9581,1.7636
35.0,4,18.2159,18.2058,2.0,20.0,20.0,2.0,0.9293,1.7636
35.0,5,18.2167,21.7996,2.0,20.0,20.0,2.0,0.9283,1.7636
35.1,1,21.1226,20.002,2.0,20.0,20.0,2.0,0.0,1.7636
35.1,2,19.6835,17.2275,2.0,20.0,20.0,2.0,0.9563,1.7636
35.1,3,19.6835,22.7786,2.0,20.0,20.0,2.0,0.958,1.7636
35.1,4,18.216,18.2057,2.0,20.0,20.0,2.0,0.9292,1.7636
35.1,5,18.2167,21.7995,2.0,20.0,20.0,2.0,0.9283,1.7636
35.2,1,21.1226,20.0019,2.0,20.0,20.0,2.0,0.0,1.7636
35.2,2,19.6835,17.2273,2.0,20.0,20.0,2.0,0.9563,1.7636
35.2,3,19.6835,22.7785,2.0,20.0,20.0,2.0,0.958,1.7636
35.2,4,18.216,18.2056,2.0,20.0,20.0,2.0,0.9292,1.7636
35.2,5,18.2166,21.7994,2.0,20.0,20.0,2.0,0.9283,1.7636
35.3,1,21.1226,20.0018,2.0,20.0,20.0,2.0,0.0,1.7636
35.3,2,19.6835,17.2272,2.0,20.0,20.0,2.0,0.9564,1.7636
35.3,3,19.6835,22.7783,2.0,20.0,20.0,2.0,0.9579,1.7636
35.3,4,18.216,18.2055,2.0,20.0,20.0,2.0,0.9292,1.7636
35.3,5,18.2166,21.7993,2.0,20.0,20.0,2.0,0.9283,1.7636
35.4,1,21.1226,20.0017,2.0,20.0,20.0,2.0,0.0,1.7636
35.4,2,19.6835,17.2271,2.0,20.0,20.0,2.0,0.9564,1.7636
35.4,3,19.6835,22.7782,2.0,20.0,20.0,2.0,0.9579,1.7636
35.4,4,18.216,18.2054,2.0,20.0,20.0,2.0,0.9292,1.7636
35.4,5,18.2166,21.7992,2.0,20.0,20.0,2.0,0.9283,1.7636
35.5,1,21.1226,20.0016,2.0,20.0,20.0,2.0,0.0,1.7636
35.5,2,19.6835,17.2269,2.0,20.0,20.0,2.0,0.9564,1.7636
35.5,3,19.6835,22.7781,2.0,20.0,20.0,2.0,0.9579,1.7636
35.5,4,18.216,18.2053,2.0,20.0,20.0,2.0,0.9292,1.7636
35.5,5,18.2166,21.7991,2.0,20.0,20.0,2.0,0.9284,1.7636
35.6,1,21.1226,20.0016,2.0,20.0,20.0,2.0,0.0,1.7636
35.6,2,19.6835,17.2268,2.0,20.0,20.0,2.0,0.9565,1.7636
35.6,3,19.6835,22.778,2.0,20.0,20.0,2.0,0.9578,1.7636
35.6,4,18.216,18.2052,2.0,20.0,20.0,2.0,0.9291,1.7636
35.6,5,18.2166,21.799,2.0,20.0,20.0,2.0,0.9284,1.7636
35.7,1,21.1226,20.0015,2.0,20.0,20.0,2.0,0.0,1.7636
35.7,2,19.6835,17.2267,2.0,20.0,20.0,2.0,0.9565,1.7636
35.7,3,19.6835,22.7778,2.0,20.0,20.0,2.0,0.9578,1.7636
35.7,4,18.216,18.2051,2.0,20.0,20.0,2.0,0.9291,1.7636
35.7,5,18.2165,21.7989,2.0,20.0,20.0,2.0,0.9284,1.7636
35.8,1,21.1226,20.0014,2.0,20.0,20.0,2.0,0.0,1.7636
35.8,2,19.6834,17.2266,2.0,20.0,20.0,2.0,0.9565,1.7636
35.8,3,19.6835,22.7777,2.0,20.0,20.0,2.0,0.9578,1.7636
35.8,4,18.2161,18.2051,2.0,20.0,20.0,2.0,0.9291,1.7636
35.8,5,18.2165,21.7988,2.0,20.0,20.0,2.0,0.9284,1.7636
35.9,1,21.1226,20.0014,2.0,20.0,20.0,2.0,0.0,1.7636
35.9,2,19.6834,17.2265,2.0,20.0,20.0,2.0,0.9566,1.7636
35.9,3,19.6835,22.7776,2.0,20.0,20.0,2.0,0.9578,1.7636
35.9,4,18.2161,18.205,2.0,20.0,20.0,2.0,0.9291,1.7636
35.9,5,18.2165,21.7987,2.0,20.0,20.0,2.0,0.9284,1.7636
36.0,1,21.1226,20.0013,2.0,20.0,20.0,2.0,0.0,1.7636
36.0,2,19.6834,17.2264,2.0,20.0,20.0,2.0,0.9566,1.7636
36.0,3,19.6835,22.7775,2.0,20.0,20.0,2.0,0.9577,1.7636
36.0,4,18.2161,18.2049,2.0,20.0,20.0,2.0,0.9291,1.7636
36.0,5,18.2165,21.7987,2.0,20.0,20.0,2.0,0.9285,1.7636
36.1,1,21.1226,20.0012,2.0,20.0,20.0,2.0,0.0,1.7636
36.1,2,19.6834,17.2263,2.0,20.0,20.0,2.0,0.9566,1.7636
36.1,3,19.6835,22.7774,2.0,20.0,20.0,2.0,0.9577,1.7636
36.1,4,18.2161,18.2048,2.0,20.0,20.0,2.0,0.9291,1.7636
36.1,5,18.2165,21.7986,2.0,20.0,20.0,2.0,0.9285,1.7636
36.2,1,21.1226,20.0012,2.0,20.0,20.0,2.0,0.0,1.7636
36.2,2,19.6834,17.2262,2.0,20.0,20.0,2.0,0.9566,1.7636
36.2,3,19.6835,22.7773,2.0,20.0,20.0,2.0,0.9577,1.7636
36.2,4,18.2161,18.2048,2.0,20.0,20.0,2.0,0.929,1.7636
36.2,5,18.2165,21.7985,2.0,20.0,20.0,2.0,0.9285,1.7636
36.3,1,21.1226,20.0011,2.0,20.0,20.0,2.0,0.0,1.7636
36.3,2,19.6834,17.2261,2.0,20.0,20.0,2.0,0.9567,1.7636
36.3,3,19.6835,22.7773,2.0,20.0,20.0,2.0,0.9576,1.7636
36.3,4,18.2161,18.2047,2.0,20.0,20.0,2.0,0.929,1.7636
36.3,5,18.2165,21.7984,2.0,20.0,20.0,2.0,0.9285,1.7636
36.4,1,21.1226,20.0011,2.0,20.0,20.0,2.0,0.0,1.7636
36.4,2,19.6834,17.226,2.0,20.0,20.0,2.0,0.9567,1.7636
36.4,3,19.6835,22.7772,2.0,20.0,20.0,2.0,0.9576,1.7636
36.4,4,18.2161,18.2046,2.0,20.0,20.0,2.0,0.929,1.7636
36.4,5,18.2164,21.7984,2.0,20.0,20.0,2.0,0.9285,1.7636
36.5,1,21.1226,20.001,2.0,20.0,20.0,2.0,0.0,1.7636
36.5,2,19.6834,17.226,2.0,20.0,20.0,2.0,0.9567,1.7636
36.5,3,19.6835,22.7771,2.0,20.0,20.0,2.0,0.9576,1.7636
36.5,4,18.2161,18.2046,2.0,20.0,20.0,2.0,0.929,1.7636
36.5,5,18.2164,21.7983,2.0,20.0,20.0,2.0,0.9285,1.7636
36.6,1,21.1226,20.001,2.0,20.0,20.0,2.0,0.0,1.7636
36.6,2,19.6834,17.2259,2.0,20.0,20.0,2.0,0.9567,1.7636
36.6,3,19.6835,22.777,2.0,20.0,20.0,2.0,0.9576,1.7636
36.6,4,18.2161,18.2045,2.0,20.0,20.0,2.0,0.929,1.7636
36.6,5,18.2164,21.7983,2.0,20.0,20.0,2.0,0.9285,1.7636
36.7,1,21.1226,20.0009,2.0,20.0,20.0,2.0,0.0,1.7636
36.7,2,19.6834,17.2258,2.0,20.0,20.0,2.0,0.9567,1.7636
36.7,3,19.6835,22.7769,2.0,20.0,20.0,2.0,0.9576,1.7636
36.7,4,18.2161,18.2044,2.0,20.0,20.0,2.0,0.929,1.7636
36.7,5,18.2164,21.7982,2.0,20.0,20.0,2.0,0.9285,1.7636
36.8,1,21.1226,20.0009,2.0,20.0,20.0,2.0,0.0,1.7636
36.8,2,19.6834,17.2257,2.0,20.0,20.0,2.0,0.9568,1.7636
36.8,3,19.6835,22.7769,2.0,20.0,20.0,2.0,0.9575,1.7636
36.8,4,18.2161,18.2044,2.0,20.0,20.0,2.0,0.929,1.7636
36.8,5,18.2164,21.7981,2.0,20.0,20.0,2.0,0.9286,1.7636
36.9,1,21.1226,20.0008,2.0,20.0,20.0,2.0,0.0,1.7636
36.9,2,19.6834,17.2257,2.0,20.0,20.0,2.0,0.9568,1.7636
36.9,3,19.6835,22.7768,2.0,20.0,20.0,2.0,0.9575,1.7636
36.9,4,18.2161,18.2043,2.0,20.0,20.0,2.0,0.929,1.7636
36.9,5,18.2164,21.7981,2.0,20.0,20.0,2.0,0.9286,1.7636
37.0,1,21.1226,20.0008,2.0,20.0,20.0,2.0,0.0,1.7636
37.0,2,19.6834,17.2256,2.0,20.0,20.0,2.0,0.9568,1.7636
37.0,3,19.6835,22.7767,2.0,20.0,20.0,2.0,0.9575,1.7636
37.0,4,18.2162,18.2043,2.0,20.0,20.0,2.0,0.929,1.7636
37.0,5,18.2164,21.798,2.0,20.0,20.0,2.0,0.9286,1.7636
37.1,1,21.1226,20.0007,2.0,20.0,20.0,2.0,0.0,1.7636
37.1,2,19.6834,17.2255,2.0,20.0,20.0,2.0,0.9568,1.7636
37.1,3,19.6835,22.7767,2.0,20.0,20.0,2.0,0.9575,1.7636
37.1,4,18.2162,18.2042,2.0,20.0,20.0,2.0,0.929,1.7636
37.1,5,18.2164,21.798,2.0,20.0,20.0,2.0,0.9286,1.7636
37.2,1,21.1226,20.0007,2.0,20.0,20.0,2.0,0.0,1.7636
37.2,2,19.6834,17.2255,2.0,20.0,20.0,2.0,0.9568,1.7636
37.2,3,19.6835,22.7766,2.0,20.0,20.0,2.0,0.9575,1.7636
37.2,4,18.2162,18.2042,2.0,20.0,20.0,2.0,0.9289,1.7636
37.2,5,18.2164,21.7979,2.0,20.0,20.0,2.0,0.9286,1.7636
37.3,1,21.1226,20.0007,2.0,20.0,20.0,2.0,0.0,1.7636
37.3,2,19.6834,17.2254,2.0,20.0,20.0,2.0,0.9568,1.7636
37.3,3,19.6835,22.7766,2.0,20.0,20.0,2.0,0.9575,1.7636
37.3,4,18.2162,18.2041,2.0,20.0,20.0,2.0,0.9289,1.7636
37.3,5,18.2164,21.7979,2.0,20.0,20.0,2.0,0.9286,1.7636
37.4,1,21.1226,20.0006,2.0,20.0,20.0,2.0,0.0,1.7636
37.4,2,19.6834,17.2254,2.0,20.0,20.0,2.0,0.9569,1.7636
37.4,3,19.6835,22.7765,2.0,20.0,20.0,2.0,0.9574,1.7636
37.4,4,18.2162,18.2041,2.0,20.0,20.0,2.0,0.9289,1.7636
37.4,5,18.2163,21.7978,2.0,20.0,20.0,2.0,0.9286,1.7636
37.5,1,21.1226,20.0006,2.0,20.0,20.0,2.0,0.0,1.7636
37.5,2,19.6834,17.2253,2.0,20.0,20.0,2.0,0.9569,1.7636
37.5,3,19.6835,22.7765,2.0,20.0,20.0,2.0,0.9574,1.7636
37.5,4,18.2162,18.204,2.0,20.0,20.0,2.0,0.9289,1.7636
37.5,5,18.2163,21.7978,2.0,20.0,20.0,2.0,0.9286,1.7636
37.6,1,21.1225,20.0006,2.0,20.0,20.0,2.0,0.0,1.7636
37.6,2,19.6834,17.2253,2.0,20.0,20.0,2.0,0.9569,1.7636
37.6,3,19.6835,22.7764,2.0,20.0,20.0,2.0,0.9574,1.7636
37.6,4,18.2162,18.204,2.0,20.0,20.0,2.0,0.9289,1.7636
37.6,5,18.2163,21.7978,2.0,20.0,20.0,2.0,0.9286,1.7636
37.7,1,21.1225,20.0006,2.0,20.0,20.0,2.0,0.0,1.7636
37.7,2,19.6834,17.2252,2.0,20.0,20.0,2.0,0.9569,1.7636
37.7,3,19.6835,22.7764,2.0,20.0,20.0,2.0,0.9574,1.7636
37.7,4,18.2162,18.204,2.0,20.0,20.0,2.0,0.9289,1.7636
37.7,5,18.2163,21.7977,2.0,20.0,20.0,2.0,0.9286,1.7636
37.8,1,21.1225,20.0005,2.0,20.0,20.0,2.0,0.0,1.7636
37.8,2,19.6834,17.2252,2.0,20.0,20.0,2.0,0.9569,1.7636
37.8,3,19.6835,22.7763,2.0,20.0,20.0,2.0,0.9574,1.7636
37.8,4,18.2162,18.2039,2.0,20.0,20.0,2.0,0.9289,1.7636
37.8,5,18.2163,21.7977,2.0,20.0,20.0,2.0,0.9286,1.7636
37.9,1,21.1225,20.0005,2.0,20.0,20.0,2.0,0.0,1.7636
37.9,2,19.6834,17.2252,2.0,20.0,20.0,2.0,0.9569,1.7636
37.9,3,19.6835,22.7763,2.0,20.0,20.0,2.0,0.9574,1.7636
37.9,4,18.2162,18.2039,2.0,20.0,20.0,2.0,0.9289,1.7636
37.9,5,18.2163,21.7976,2.0,20.0,20.0,2.0,0.9287,1.7636
38.0,1,21.1225,20.0005,2.0,20.0,20.0,2.0,0.0,1.7636
38.0,2,19.6834,17.2251,2.0,20.0,20.0,2.0,0.9569,1.7636
38.0,3,19.6835,22.7763,2.0,20.0,20.0,2.0,0.9574,1.7636
38.0,4,18.2162,18.2039,2.0,20.0,20.0,2.0,0.9289,1.7636
38.0,5,18.2163,21.7976,2.0,20.0,20.0,2.0,0.9287,1.7636
38.1,1,21.1225,20.0004,2.0,20.0,20.0,2.0,0.0,1.7636
38.1,2,19.6834,17.2251,2.0,20.0,20.0,2.0,0.9569,1.7636
38.1,3,19.6835,22.7762,2.0,20.0,20.0,2.0,0.9574,1.7636
38.1,4,18.2162,18.2038,2.0,20.0,20.0,2.0,0.9289,1.7636
38.1,5,18.2163,21.7976,2.0,20.0,20.0,2.0,0.9287,1.7636
38.2,1,21.1225,20.0004,2.0,20.0,20.0,2.0,0.0,1.7636
38.2,2,19.6834,17.225,2.0,20.0,20.0,2.0,0.9569,1.7636
38.2,3,19.6835,22.7762,2.0,20.0,20.0,2.0,0.9573,1.7636
38.2,4,18.2162,18.2038,2.0,20.0,20.0,2.0,0.9289,1.7636
38.2,5,18.2163,21.7975,2.0,20.0,20.0,2.0,0.9287,1.7636
38.3,1,21.1225,20.0004,2.0,20.0,20.0,2.0,0.0,1.7636
38.3,2,19.6834,17.225,2.0,20.0,20.0,2.0,0.957,1.7636
38.3,3,19.6835,22.7762,2.0,20.0,20.0,2.0,0.9573,1.7636
38.3,4,18.2162,18.2038,2.0,20.0,20.0,2.0,0.9289,1.7636
38.3,5,18.2163,21.7975,2.0,20.0,20.0,2.0,0.9287,1.7636
38.4,1,21.1225,20.0004,2.0,20.0,20.0,2.0,0.0,1.7636
38.4,2,19.6834,17.225,2.0,20.0,20.0,2.0,0.957,1.7636
38.4,3,19.6835,22.7761,2.0,20.0,20.0,2.0,0.9573,1.7636
38.4,4,18.2162,18.2037,2.0,20.0,20.0,2.0,0.9289,1.7636
38.4,5,18.2163,21.7975,2.0,20.0,20.0,2.0,0.9287,1.7636
38.5,1,21.1225,20.0004,2.0,20.0,20.0,2.0,0.0,1.7636
38.5,2,19.6834,17.225,2.0,20.0,20.0,2.0,0.957,1.7636
38.5,3,19.6835,22.7761,2.0,20.0,20.0,2.0,0.9573,1.7636
38.5,4,18.2162,18.2037,2.0,20.0,20.0,2.0,0.9289,1.7636
38.5,5,18.2163,21.7975,2.0,20.0,20.0,2.0,0.9287,1.7636
38.6,1,21.1225,20.0003,2.0,20.0,20.0,2.0,0.0,1.7636
38.6,2,19.6834,17.2249,2.0,20.0,20.0,2.0,0.957,1.7636
38.6,3,19.6835,22.7761,2.0,20.0,20.0,2.0,0.9573,1.7636
38.6,4,18.2162,18.2037,2.0,20.0,20.0,2.0,0.9289,1.7636
38.6,5,18.2163,21.7974,2.0,20.0,20.0,2.0,0.9287,1.7636
38.7,1,21.1225,20.0003,2.0,20.0,20.0,2.0,0.0,1.7636
38.7,2,19.6834,17.2249,2.0,20.0,20.0,2.0,0.957,1.7636
38.7,3,19.6835,22.776,2.0,20.0,20.0,2.0,0.9573,1.7636
38.7,4,18.2162,18.2037,2.0,20.0,20.0,2.0,0.9289,1.7636
38.7,5,18.2163,21.7974,2.0,20.0,20.0,2.0,0.9287,1.7636
38.8,1,21.1225,20.0003,2.0,20.0,20.0,2.0,0.0,1.7636
38.8,2,19.6834,17.2249,2.0,20.0,20.0,2.0,0.957,1.7636
38.8,3,19.6835,22.776,2.0,20.0,20.0,2.0,0.9573,1.7636
38.8,4,18.2162,18.2036,2.0,20.0,20.0,2.0,0.9288,1.7636
38.8,5,18.2163,21.7974,2.0,20.0,20.0,2.0,0.9287,1.7636
38.9,1,21.1225,20.0003,2.0,20.0,20.0,2.0,0.0,1.7636
38.9,2,19.6834,17.2248,2.0,20.0,20.0,2.0,0.957,1.7636
38.9,3,19.6835,22.776,2.0,20.0,20.0,2.0,0.9573,1.7636
38.9,4,18.2162,18.2036,2.0,20.0,20.0,2.0,0.9288,1.7636
38.9,5,18.2163,21.7974,2.0,20.0,20.0,2.0,0.9287,1.7636
39.0,1,21.1225,20.0003,2.0,20.0,20.0,2.0,0.0,1.7636
39.0,2,19.6834,17.2248,2.0,20.0,20.0,2.0,0.957,1.7636
39.0,3,19.6835,22.776,2.0,20.0,20.0,2.0,0.9573,1.7636
39.0,4,18.2162,18.2036,2.0,20.0,20.0,2.0,0.9288,1.7636
39.0,5,18.2163,21.7973,2.0,20.0,20.0,2.0,0.9287,1.7636
39.1,1,21.1225,20.0003,2.0,20.0,20.0,2.0,0.0,1.7636
39.1,2,19.6834,17.2248,2.0,20.0,20.0,2.0,0.957,1.7636
39.1,3,19.6835,22.7759,2.0,20.0,20.0,2.0,0.9573,1.7636
39.1,4,18.2162,18.2036,2.0,20.0,20.0,2.0,0.9288,1.7636
39.1,5,18.2163,21.7973,2.0,20.0,20.0,2.0,0.9287,1.7636
39.2,1,21.1225,20.0002,2.0,20.0,20.0,2.0,0.0,1.7636
39.2,2,19.6834,17.2248,2.0,20.0,20.0,2.0,0.957,1.7636
39.2,3,19.6835,22.7759,2.0,20.0,20.0,2.0,0.9573,1.7636
39.2,4,18.2162,18.2035,2.0,20.0,20.0,2.0,0.9288,1.7636
39.2,5,18.2163,21.7973,2.0,20.0,20.0,2.0,0.9287,1.7636
39.3,1,21.1225,20.0002,2.0,20.0,20.0,2.0,0.0,1.7637
39.3,2,19.6834,17.2248,2.0,20.0,20.0,2.0,0.957,1.7637
39.3,3,19.6835,22.7759,2.0,20.0,20.0,2.0,0.9573,1.7637
39.3,4,18.2162,18.2035,2.0,20.0,20.0,2.0,0.9288,1.7637
39.3,5,18.2163,21.7973,2.0,20.0,20.0,2.0,0.9287,1.7637
39.4,1,21.1225,20.0002,2.0,20.0,20.0,2.0,0.0,1.7637
39.4,2,19.6834,17.2247,2.0,20.0,20.0,2.0,0.957,1.7637
39.4,3,19.6835,22.7759,2.0,20.0,20.0,2.0,0.9572,1.7637
39.4,4,18.2162,18.2035,2.0,20.0,20.0,2.0,0.9288,1.7637
39.4,5,18.2163,21.7973,2.0,20.0,20.0,2.0,0.9287,1.7637
39.5,1,21.1225,20.0002,2.0,20.0,20.0,2.0,0.0,1.7637
39.5,2,19.6834,17.2247,2.0,20.0,20.0,2.0,0.957,1.7637
39.5,3,19.6835,22.7759,2.0,20.0,20.0,2.0,0.9572,1.7637
39.5,4,18.2162,18.2035,2.0,20.0,20.0,2.0,0.9288,1.7637
39.5,5,18.2163,21.7972,2.0,20.0,20.0,2.0,0.9287,1.7637
39.6,1,21.1225,20.0002,2.0,20.0,20.0,2.0,0.0,1.7637
39.6,2,19.6834,17.2247,2.0,20.0,20.0,2.0,0.957,1.7637
39.6,3,19.6835,22.7759,2.0,20.0,20.0,2.0,0.9572,1.7637
39.6,4,18.2162,18.2035,2.0,20.0,20.0,2.0,0.9288,1.7637
39.6,5,18.2163,21.7972,2.0,20.0,20.0,2.0,0.9287,1.7637
39.7,1,21.1225,20.0002,2.0,20.0,20.0,2.0,0.0,1.7637
39.7,2,19.6834,17.2247,2.0,20.0,20.0,2.0,0.9571,1.7637
39.7,3,19.6835,22.7758,2.0,20.0,20.0,2.0,0.9572,1.7637
39.7,4,18.2162,18.2035,2.0,20.0,20.0,2.0,0.9288,1.7637
39.7,5,18.2163,21.7972,2.0,20.0,20.0,2.0,0.9287,1.7637
39.8,1,21.1225,20.0002,2.0,20.0,20.0,2.0,0.0,1.7637
39.8,2,19.6834,17.2247,2.0,20.0,20.0,2.0,0.9571,1.7637
39.8,3,19.6835,22.7758,2.0,20.0,20.0,2.0,0.9572,1.7637
39.8,4,18.2162,18.2034,2.0,20.0,20.0,2.0,0.9288,1.7637
39.8,5,18.2163,21.7972,2.0,20.0,20.0,2.0,0.9287,1.7637
39.9,1,21.1225,20.0002,2.0,20.0,20.0,2.0,0.0,1.7637
39.9,2,19.6834,17.2247,2.0,20.0,20.0,2.0,0.9571,1.7637
39.9,3,19.6835,22.7758,2.0,20.0,20.0,2.0,0.9572,1.7637
39.9,4,18.2162,18.2034,2.0,20.0,20.0,2.0,0.9288,1.7637
39.9,5,18.2163,21.7972,2.0,20.0,20.0,2.0,0.9287,1.7637
40.0,1,21.1225,20.0002,2.0,20.0,20.0,2.0,0.0,1.7637
40.0,2,19.6834,17.2246,2.0,20.0,20.0,2.0,0.9571,1.7637
40.0,3,19.6835,22.7758,2.0,20.0,20.0,2.0,0.9572,1.7637
40.0,4,18.2162,18.2034,2.0,20.0,20.0,2.0,0.9288,1.7637
40.0,5,18.2163,21.7972,2.0,20.0,20.0,2.0,0.9287,1.7637
40.1,1,21.1225,20.0001,2.0,20.0,20.0,2.0,0.0,1.7637
40.1,2,19.6834,17.2246,2.0,20.0,20.0,2.0,0.9571,1.7637
40.1,3,19.6835,22.7758,2.0,20.0,20.0,2.0,0.9572,1.7637
40.1,4,18.2162,18.2034,2.0,20.0,20.0,2.0,0.9288,1.7637
40.1,5,18.2163,21.7971,2.0,20.0,20.0,2.0,0.9287,1.7637
40.2,1,21.1225,20.0001,2.0,20.0,20.0,2.0,0.0,1.7637
40.2,2,19.6834,17.2246,2.0,20.0,20.0,2.0,0.9571,1.7637
40.2,3,19.6835,22.7758,2.0,20.0,20.0,2.0,0.9572,1.7637
40.2,4,18.2162,18.2034,2.0,20.0,20.0,2.0,0.9288,1.7637
40.2,5,18.2163,21.7971,2.0,20.0,20.0,2.0,0.9287,1.7637
40.3,1,21.1225,20.0001,2.0,20.0,20.0,2.0,0.0,1.7637
40.3,2,19.6834,17.2246,2.0,20.0,20.0,2.0,0.9571,1.7637
40.3,3,19.6835,22.7758,2.0,20.0,20.0,2.0,0.9572,1.7637
40.3,4,18.2162,18.2034,2.0,20.0,20.0,2.0,0.9288,1.7637
40.3,5,18.2163,21.7971,2.0,20.0,20.0,2.0,0.9287,1.7637
40.4,1,21.1225,20.0001,2.0,20.0,20.0,2.0,0.0,1.7637
40.4,2,19.6834,17.2246,2.0,20.0,20.0,2.0,0.9571,1.7637
40.4,3,19.6835,22.7757,2.0,20.0,20.0,2.0,0.9572,1.7637
40.4,4,18.2162,18.2034,2.0,20.0,20.0,2.0,0.9288,1.7637
40.4,5,18.2163,21.7971,2.0,20.0,20.0,2.0,0.9287,1.7637
40.5,1,21.1225,20.0001,2.0,20.0,20.0,2.0,0.0,1.7637
40.5,2,19.6834,17.2246,2.0,20.0,20.0,2.0,0.9571,1.7637
40.5,3,19.6835,22.7757,2.0,20.0,20.0,2.0,0.9572,1.7637
40.5,4,18.2162,18.2033,2.0,20.0,20.0,2.0,0.9288,1.7637
40.5,5,18.2163,21.7971,2.0,20.0,20.0,2.0,0.9287,1.7637
40.6,1,21.1225,20.0001,2.0,20.0,20.0,2.0,0.0,1.7637
40.6,2,19.6834,17.2246,2.0,20.0,20.0,2.0,0.9571,1.7637
40.6,3,19.6835,22.7757,2.0,20.0,20.0,2.0,0.9572,1.7637
40.6,4,18.2162,18.2033,2.0,20.0,20.0,2.0,0.9288,1.7637
40.6,5,18.2163,21.7971,2.0,20.0,20.0,2.0,0.9287,1.7637
40.7,1,21.1225,20.0001,2.0,20.0,20.0,2.0,0.0,1.7637
40.7,2,19.6834,17.2246,2.0,20.0,20.0,2.0,0.9571,1.7637
40.7,3,19.6835,22.7757,2.0,20.0,20.0,2.0,0.9572,1.7637
40.7,4,18.2162,18.2033,2.0,20.0,20.0,2.0,0.9288,1.7637
40.7,5,18.2163,21.7971,2.0,20.0,20.0,2.0,0.9288,1.7637
40.8,1,21.1225,20.0001,2.0,20.0,20.0,2.0,0.0,1.7637
40.8,2,19.6834,17.2246,2.0,20.0,20.0,2.0,0.9571,1.7637
40.8,3,19.6835,22.7757,2.0,20.0,20.0,2.0,0.9572,1.7637
40.8,4,18.2162,18.2033,2.0,20.0,20.0,2.0,0.9288,1.7637
40.8,5,18.2163,21.7971,2.0,20.0,20.0,2.0,0.9288,1.7637
40.9,1,21.1225,20.0001,2.0,20.0,20.0,2.0,0.0,1.7637
40.9,2,19.6834,17.2246,2.0,20.0,20.0,2.0,0.9571,1.7637
40.9,3,19.6835,22.7757,2.0,20.0,20.0,2.0,0.9572,1.7637
40.9,4,18.2162,18.2033,2.0,20.0,20.0,2.0,0.9288,1.7637
40.9,5,18.2163,21.7971,2.0,20.0,20.0,2.0,0.9288,1.7637
41.0,1,21.1225,20.0001,2.0,20.0,20.0,2.0,0.0,1.7637
41.0,2,19.6834,17.2245,2.0,20.0,20.0,2.0,0.9571,1.7637
41.0,3,19.6835,22.7757,2.0,20.0,20.0,2.0,0.9572,1.7637
41.0,4,18.2162,18.2033,2.0,20.0,20.0,2.0,0.9288,1.7637
41.0,5,18.2162,21.797,2.0,20.0,20.0,2.0,0.9288,1.7637
41.1,1,21.1225,20.0001,2.0,20.0,20.0,2.0,0.0,1.7637
41.1,2,19.6834,17.2245,2.0,20.0,20.0,2.0,0.9571,1.7637
41.1,3,19.6835,22.7757,2.0,20.0,20.0,2.0,0.9572,1.7637
41.1,4,18.2162,18.2033,2.0,20.0,20.0,2.0,0.9288,1.7637
41.1,5,18.2162,21.797,2.0,20.0,20.0,2.0,0.9288,1.7637
41.2,1,21.1225,20.0001,2.0,20.0,20.0,2.0,0.0,1.7637
41.2,2,19.6834,17.2245,2.0,20.0,20.0,2.0,0.9571,1.7637
41.2,3,19.6835,22.7757,2.0,20.0,20.0,2.0,0.9572,1.7637
41.2,4,18.2162,18.2033,2.0,20.0,20.0,2.0,0.9288,1.7637
41.2,5,18.2162,21.797,2.0,20.0,20.0,2.0,0.9288,1.7637
41.3,1,21.1225,20.0001,2.0,20.0,20.0,2.0,0.0,1.7637
41.3,2,19.6834,17.2245,2.0,20.0,20.0,2.0,0.9571,1.7637
41.3,3,19.6835,22.7757,2.0,20.0,20.0,2.0,0.9572,1.7637
41.3,4,18.2162,18.2033,2.0,20.0,20.0,2.0,0.9288,1.7637
41.3,5,18.2162,21.797,2.0,20.0,20.0,2.0,0.9288,1.7637
41.4,1,21.1225,20.0001,2.0,20.0,20.0,2.0,0.0,1.7637
41.4,2,19.6834,17.2245,2.0,20.0,20.0,2.0,0.9571,1.7637
41.4,3,19.6835,22.7757,2.0,20.0,20.0,2.0,0.9572,1.7637
41.4,4,18.2162,18.2033,2.0,20.0,20.0,2.0,0.9288,1.7637
41.4,5,18.2162,21.797,2.0,20.0,20.0,2.0,0.9288,1.7637
41.5,1,21.1225,20.0001,2.0,20.0,20.0,2.0,0.0,1.7637
41.5,2,19.6834,17.2245,2.0,20.0,20.0,2.0,0.9571,1.7637
41.5,3,19.6835,22.7757,2.0,20.0,20.0,2.0,0.9572,1.7637
41.5,4,18.2162,18.2033,2.0,20.0,20.0,2.0,0.9288,1.7637
41.5,5,18.2162,21.797,2.0,20.0,20.0,2.0,0.9288,1.7637
41.6,1,21.1225,20.0001,2.0,20.0,20.0,2.0,0.0,1.7637
41.6,2,19.6834,17.2245,2.0,20.0,20.0,2.0,0.9571,1.7637
41.6,3,19.6835,22.7756,2.0,20.0,20.0,2.0,0.9572,1.7637
41.6,4,18.2162,18.2032,2.0,20.0,20.0,2.0,0.9288,1.7637
41.6,5,18.2162,21.797,2.0,20.0,20.0,2.0,0.9288,1.7637
41.7,1,21.1225,20.0001,2.0,20.0,20.0,2.0,0.0,1.7637
41.7,2,19.6834,17.2245,2.0,20.0,20.0,2.0,0.9571,1.7637
41.7,3,19.6835,22.7756,2.0,20.0,20.0,2.0,0.9572,1.7637
41.7,4,18.2162,18.2032,2.0,20.0,20.0,2.0,0.9288,1.7637
41.7,5,18.2162,21.797,2.0,20.0,20.0,2.0,0.9288,1.7637
41.8,1,21.1225,20.0001,2.0,20.0,20.0,2.0,0.0,1.7637
41.8,2,19.6834,17.2245,2.0,20.0,20.0,2.0,0.9571,1.7637
41.8,3,19.6835,22.7756,2.0,20.0,20.0,2.0,0.9572,1.7637
41.8,4,18.2162,18.2032,2.0,20.0,20.0,2.0,0.9288,1.7637
41.8,5,18.2162,21.797,2.0,20.0,20.0,2.0,0.9288,1.7637
41.9,1,21.1225,20.0,2.0,20.0,20.0,2.0,0.0,1.7637
41.9,2,19.6834,17.2245,2.0,20.0,20.0,2.0,0.9571,1.7637
41.9,3,19.6835,22.7756,2.0,20.0,20.0,2.0,0.9572,1.7637
41.9,4,18.2162,18.2032,2.0,20.0,20.0,2.0,0.9288,1.7637
41.9,5,18.2162,21.797,2.0,20.0,20.0,2.0,0.9288,1.7637
42.0,1,21.1225,20.0,2.0,20.0,20.0,2.0,0.0,1.7637
42.0,2,19.6834,17.2245,2.0,20.0,20.0,2.0,0.9571,1.7637
42.0,3,19.6835,22.7756,2.0,20.0,20.0,2.0,0.9572,1.7637
42.0,4,18.2162,18.2032,2.0,20.0,20.0,2.0,0.9288,1.7637
42.0,5,18.2162,21.797,2.0,20.0,20.0,2.0,0.9288,1.7637
42.1,1,21.1225,20.0,2.0,20.0,20.0,2.0,0.0,1.7637
42.1,2,19.6834,17.2245,2.0,20.0,20.0,2.0,0.9571,1.7637
42.1,3,19.6835,22.7756,2.0,20.0,20.0,2.0,0.9572,1.7637
42.1,4,18.2162,18.2032,2.0,20.0,20.0,2.0,0.9288,1.7637
42.1,5,18.2162,21.797,2.0,20.0,20.0,2.0,0.9288,1.7637
42.2,1,21.1225,20.0,2.0,20.0,20.0,2.0,0.0,1.7637
42.2,2,19.6834,17.2245,2.0,20.0,20.0,2.0,0.9571,1.7637
42.2,3,19.6835,22.7756,2.0,20.0,20.0,2.0,0.9572,1.7637
42.2,4,18.2162,18.2032,2.0,20.0,20.0,2.0,0.9288,1.7637
42.2,5,18.2162,21.797,2.0,20.0,20.0,2.0,0.9288,1.7637
42.3,1,21.1225,20.0,2.0,20.0,20.0,2.0,0.0,1.7637
42.3,2,19.6834,17.2245,2.0,20.0,20.0,2.0,0.9571,1.7637
42.3,3,19.6835,22.7756,2.0,20.0,20.0,2.0,0.9572,1.7637
42.3,4,18.2162,18.2032,2.0,20.0,20.0,2.0,0.9288,1.7637
42.3,5,18.2162,21.797,2.0,20.0,20.0,2.0,0.9288,1.7637
42.4,1,21.1225,20.0,2.0,20.0,20.0,2.0,0.0,1.7637
42.4,2,19.6834,17.2245,2.0,20.0,20.0,2.0,0.9571,1.7637
42.4,3,19.6835,22.7756,2.0,20.0,20.0,2.0,0.9572,1.7637
42.4,4,18.2162,18.2032,2.0,20.0,20.0,2.0,0.9288,1.7637
42.4,5,18.2162,21.797,2.0,20.0,20.0,2.0,0.9288,1.7637
42.5,1,21.1225,20.0,2.0,20.0,20.0,2.0,0.0,1.7637
42.5,2,19.6834,17.2245,2.0,20.0,20.0,2.0,0.9571,1.7637
42.5,3,19.6835,22.7756,2.0,20.0,20.0,2.0,0.9572,1.7637
42.5,4,18.2162,18.2032,2.0,20.0,20.0,2.0,0.9288,1.7637
42.5,5,18.2162,21.797,2.0,20.0,20.0,2.0,0.9288,1.7637
42.6,1,21.1225,20.0,2.0,20.0,20.0,2.0,0.0,1.7637
42.6,2,19.6834,17.2245,2.0,20.0,20.0,2.0,0.9571,1.7637
42.6,3,19.6835,22.7756,2.0,20.0,20.0,2.0,0.9572,1.7637
42.6,4,18.2162,18.2032,2.0,20.0,20.0,2.0,0.9288,1.7637
42.6,5,18.2162,21.797,2.0,20.0,20.0,2.0,0.9288,1.7637
42.7,1,21.1225,20.0,2.0,20.0,20.0,2.0,0.0,1.7637
42.7,2,19.6834,17.2245,2.0,20.0,20.0,2.0,0.9571,1.7637
42.7,3,19.6835,22.7756,2.0,20.0,20.0,2.0,0.9572,1.7637
42.7,4,18.2162,18.2032,2.0,20.0,20.0,2.0,0.9288,1.7637
42.7,5,18.2162,21.7969,2.0,20.0,20.0,2.0,0.9288,1.7637
42.8,1,21.1225,20.0,2.0,20.0,20.0,2.0,0.0,1.7637
42.8,2,19.6834,17.2245,2.0,20.0,20.0,2.0,0.9571,1.7637
42.8,3,19.6835,22.7756,2.0,20.0,20.0,2.0,0.9572,1.7637
42.8,4,18.2162,18.2032,2.0,20.0,20.0,2.0,0.9288,1.7637
42.8,5,18.2162,21.7969,2.0,20.0,20.0,2.0,0.9288,1.7637
42.9,1,21.1225,20.0,2.0,20.0,20.0,2.0,0.0,1.7637
42.9,2,19.6834,17.2245,2.0,20.0,20.0,2.0,0.9571,1.7637
42.9,3,19.6835,22.7756,2.0,20.0,20.0,2.0,0.9572,1.7637
42.9,4,18.2162,18.2032,2.0,20.0,20.0,2.0,0.9288,1.7637
42.9,5,18.2162,21.7969,2.0,20.0,20.0,2.0,0.9288,1.7637
43.0,1,21.1225,20.0,2.0,20.0,20.0,2.0,0.0,1.7637
43.0,2,19.6834,17.2245,2.0,20.0,20.0,2.0,0.9571,1.7637
43.0,3,19.6835,22.7756,2.0,20.0,20.0,2.0,0.9572,1.7637
43.0,4,18.2162,18.2032,2.0,20.0,20.0,2.0,0.9288,1.7637
43.0,5,18.2162,21.7969,2.0,20.0,20.0,2.0,0.9288,1.7637
43.1,1,21.1225,20.0,2.0,20.0,20.0,2.0,0.0,1.7637
43.1,2,19.6834,17.2245,2.0,20.0,20.0,2.0,0.9571,1.7637
43.1,3,19.6835,22.7756,2.0,20.0,20.0,2.0,0.9572,1.7637
43.1,4,18.2162,18.2032,2.0,20.0,20.0,2.0,0.9288,1.7637
43.1,5,18.2162,21.7969,2.0,20.0,20.0,2.0,0.9288,1.7637
43.2,1,21.1225,20.0,2.0,20.0,20.0,2.0,0.0,1.7637
43.2,2,19.6834,17.2245,2.0,20.0,20.0,2.0,0.9571,1.7637
43.2,3,19.6835,22.7756,2.0,20.0,20.0,2.0,0.9572,1.7637
43.2,4,18.2162,18.2032,2.0,20.0,20.0,2.0,0.9288,1.7637
43.2,5,18.2162,21.7969,2.0,20.0,20.0,2.0,0.9288,1.7637
43.3,1,21.1225,20.0,2.0,20.0,20.0,2.0,0.0,1.7637
43.3,2,19.6834,17.2244,2.0,20.0,20.0,2.0,0.9571,1.7637
43.3,3,19.6835,22.7756,2.0,20.0,20.0,2.0,0.9572,1.7637
43.3,4,18.2162,18.2032,2.0,20.0,20.0,2.0,0.9288,1.7637
43.3,5,18.2162,21.7969,2.0,20.0,20.0,2.0,0.9288,1.7637
43.4,1,21.1225,20.0,2.0,20.0,20.0,2.0,0.0,1.7637
43.4,2,19.6834,17.2244,2.0,20.0,20.0,2.0,0.9571,1.7637
43.4,3,19.6835,22.7756,2.0,20.0,20.0,2.0,0.9572,1.7637
43.4,4,18.2162,18.2032,2.0,20.0,20.0,2.0,0.9288,1.7637
43.4,5,18.2162,21.7969,2.0,20.0,20.0,2.0,0.9288,1.7637
43.5,1,21.1225,20.0,2.0,20.0,20.0,2.0,0.0,1.7637
43.5,2,19.6834,17.2244,2.0,20.0,20.0,2.0,0.9571,1.7637
43.5,3,19.6835,22.7756,2.0,20.0,20.0,2.0,0.9571,1.7637
43.5,4,18.2162,18.2032,2.0,20.0,20.0,2.0,0.9288,1.7637
43.5,5,18.2162,21.7969,2.0,20.0,20.0,2.0,0.9288,1.7637
43.6,1,21.1225,20.0,2.0,20.0,20.0,2.0,0.0,1.7637
43.6,2,19.6834,17.2244,2.0,20.0,20.0,2.0,0.9571,1.7637
43.6,3,19.6835,22.7756,2.0,20.0,20.0,2.0,0.9571,1.7637
43.6,4,18.2162,18.2032,2.0,20.0,20.0,2.0,0.9288,1.7637
43.6,5,18.2162,21.7969,2.0,20.0,20.0,2.0,0.9288,1.7637
43.7,1,21.1225,20.0,2.0,20.0,20.0,2.0,0.0,1.7637
43.7,2,19.6834,17.2244,2.0,20.0,20.0,2.0,0.9571,1.7637
43.7,3,19.6834,22.7756,2.0,20.0,20.0,2.0,0.9571,1.7637
43.7,4,18.2162,18.2032,2.0,20.0,20.0,2.0,0.9288,1.7637
43.7,5,18.2162,21.7969,2.0,20.0,20.0,2.0,0.9288,1.7637
43.8,1,21.1225,20.0,2.0,20.0,20.0,2.0,0.0,1.7637
43.8,2,19.6834,17.2244,2.0,20.0,20.0,2.0,0.9571,1.7637
43.8,3,19.6834,22.7756,2.0,20.0,20.0,2.0,0.9571,1.7637
43.8,4,18.2162,18.2032,2.0,20.0,20.0,2.0,0.9288,1.7637
43.8,5,18.2162,21.7969,2.0,20.0,20.0,2.0,0.9288,1.7637
43.9,1,21.1225,20.0,2.0,20.0,20.0,2.0,0.0,1.7637
43.9,2,19.6834,17.2244,2.0,20.0,20.0,2.0,0.9571,1.7637
43.9,3,19.6834,22.7756,2.0,20.0,20.0,2.0,0.9571,1.7637
43.9,4,18.2162,18.2032,2.0,20.0,20.0,2.0,0.9288,1.7637
43.9,5,18.2162,21.7969,2.0,20.0,20.0,2.0,0.9288,1.7637
44.0,1,21.1225,20.0,2.0,20.0,20.0,2.0,0.0,1.7637
44.0,2,19.6834,17.2244,2.0,20.0,20.0,2.0,0.9571,1.7637
44.0,3,19.6834,22.7756,2.0,20.0,20.0,2.0,0.9571,1.7637
44.0,4,18.2162,18.2032,2.0,20.0,20.0,2.0,0.9288,1.7637
44.0,5,18.2162,21.7969,2.0,20.0,20.0,2.0,0.9288,1.7637
44.1,1,21.1225,20.0,2.0,20.0,20.0,2.0,0.0,1.7637
44.1,2,19.6834,17.2244,2.0,20.0,20.0,2.0,0.9571,1.7637
44.1,3,19.6834,22.7756,2.0,20.0,20.0,2.0,0.9571,1.7637
44.1,4,18.2162,18.2032,2.0,20.0,20.0,2.0,0.9288,1.7637
44.1,5,18.2162,21.7969,2.0,20.0,20.0,2.0,0.9288,1.7637
44.2,1,21.1225,20.0,2.0,20.0,20.0,2.0,0.0,1.7637
44.2,2,19.6834,17.2244,2.0,20.0,20.0,2.0,0.9571,1.7637
44.2,3,19.6834,22.7756,2.0,20.0,20.0,2.0,0.9571,1.7637
44.2,4,18.2162,18.2032,2.0,20.0,20.0,2.0,0.9288,1.7637
44.2,5,18.2162,21.7969,2.0,20.0,20.0,2.0,0.9288,1.7637
44.3,1,21.1225,20.0,2.0,20.0,20.0,2.0,0.0,1.7637
44.3,2,19.6834,17.2244,2.0,20.0,20.0,2.0,0.9571,1.7637
44.3,3,19.6834,22.7756,2.0,20.0,20.0,2.0,0.9571,1.7637
44.3,4,18.2162,18.2032,2.0,20.0,20.0,2.0,0.9288,1.7637
44.3,5,18.2162,21.7969,2.0,20.0,20.0,2.0,0.9288,1.7637
44.4,1,21.1225,20.0,2.0,20.0,20.0,2.0,0.0,1.7637
44.4,2,19.6834,17.2244,2.0,20.0,20.0,2.0,0.9571,1.7637
44.4,3,19.6834,22.7756,2.0,20.0,20.0,2.0,0.9571,1.7637
44.4,4,18.2162,18.2031,2.0,20.0,20.0,2.0,0.9288,1.7637
44.4,5,18.2162,21.7969,2.0,20.0,20.0,2.0,0.9288,1.7637
44.5,1,21.1225,20.0,2.0,20.0,20.0,2.0,0.0,1.7637
44.5,2,19.6834,17.2244,2.0,20.0,20.0,2.0,0.9571,1.7637
44.5,3,19.6834,22.7756,2.0,20.0,20.0,2.0,0.9571,1.7637
44.5,4,18.2162,18.2031,2.0,20.0,20.0,2.0,0.9288,1.7637
44.5,5,18.2162,21.7969,2.0,20.0,20.0,2.0,0.9288,1.7637
44.6,1,21.1225,20.0,2.0,20.0,20.0,2.0,0.0,1.7637
44.6,2,19.6834,17.2244,2.0,20.0,20.0,2.0,0.9571,1.7637
44.6,3,19.6834,22.7756,2.0,20.0,20.0,2.0,0.9571,1.7637
44.6,4,18.2162,18.2031,2.0,20.0,20.0,2.0,0.9288,1.7637
44.6,5,18.2162,21.7969,2.0,20.0,20.0,2.0,0.9288,1.7637
44.7,1,21.1225,20.0,2.0,20.0,20.0,2.0,0.0,1.7637
44.7,2,19.6834,17.2244,2.0,20.0,20.0,2.0,0.9571,1.7637
44.7,3,19.6834,22.7756,2.0,20.0,20.0,2.0,0.9571,1.7637
44.7,4,18.2162,18.2031,2.0,20.0,20.0,2.0,0.9288,1.7637
44.7,5,18.2162,21.7969,2.0,20.0,20.0,2.0,0.9288,1.7637
44.8,1,21.1225,20.0,2.0,20.0,20.0,2.0,0.0,1.7637
44.8,2,19.6834,17.2244,2.0,20.0,20.0,2.0,0.9571,1.7637
44.8,3,19.6834,22.7756,2.0,20.0,20.0,2.0,0.9571,1.7637
44.8,4,18.2162,18.2031,2.0,20.0,20.0,2.0,0.9288,1.7637
44.8,5,18.2162,21.7969,2.0,20.0,20.0,2.0,0.9288,1.7637
44.9,1,21.1225,20.0,2.0,20.0,20.0,2.0,0.0,1.7637
44.9,2,19.6834,17.2244,2.0,20.0,20.0,2.0,0.9571,1.7637
44.9,3,19.6834,22.7756,2.0,20.0,20.0,2.0,0.9571,1.7637
44.9,4,18.2162,18.2031,2.0,20.0,20.0,2.0,0.9288,1.7637
44.9,5,18.2162,21.7969,2.0,20.0,20.0,2.0,0.9288,1.7637
45.0,1,21.1225,20.0,2.0,20.0,20.0,2.0,0.0,1.7637
45.0,2,19.6834,17.2244,2.0,20.0,20.0,2.0,0.9571,1.7637
45.0,3,19.6834,22.7756,2.0,20.0,20.0,2.0,0.9571,1.7637
45.0,4,18.2162,18.2031,2.0,20.0,20.0,2.0,0.9288,1.7637
45.0,5,18.2162,21.7969,2.0,20.0,20.0,2.0,0.9288,1.7637
45.1,1,21.1225,20.0,2.0,20.0,20.0,2.0,0.0,1.7637
45.1,2,19.6834,17.2244,2.0,20.0,20.0,2.0,0.9571,1.7637
45.1,3,19.6834,22.7756,2.0,20.0,20.0,2.0,0.9571,1.7637
45.1,4,18.2162,18.2031,2.0,20.0,20.0,2.0,0.9288,1.7637
45.1,5,18.2162,21.7969,2.0,20.0,20.0,2.0,0.9288,1.7637
45.2,1,21.1225,20.0,2.0,20.0,20.0,2.0,0.0,1.7637
45.2,2,19.6834,17.2244,2.0,20.0,20.0,2.0,0.9571,1.7637
45.2,3,19.6834,22.7756,2.0,20.0,20.0,2.0,0.9571,1.7637
45.2,4,18.2162,18.2031,2.0,20.0,20.0,2.0,0.9288,1.7637
45.2,5,18.2162,21.7969,2.0,20.0,20.0,2.0,0.9288,1.7637
45.3,1,21.1225,20.0,2.0,20.0,20.0,2.0,0.0,1.7637
45.3,2,19.6834,17.2244,2.0,20.0,20.0,2.0,0.9571,1.7637
45.3,3,19.6834,22.7756,2.0,20.0,20.0,2.0,0.9571,1.7637
45.3,4,18.2162,18.2031,2.0,20.0,20.0,2.0,0.9288,1.7637
45.3,5,18.2162,21.7969,2.0,20.0,20.0,2.0,0.9288,1.7637
45.4,1,21.1225,20.0,2.0,20.0,20.0,2.0,0.0,1.7637
45.4,2,19.6834,17.2244,2.0,20.0,20.0,2.0,0.9571,1.7637
45.4,3,19.6834,22.7756,2.0,20.0,20.0,2.0,0.9571,1.7637
45.4,4,18.2162,18.2031,2.0,20.0,20.0,2.0,0.9288,1.7637
45.4,5,18.2162,21.7969,2.0,20.0,20.0,2.0,0.9288,1.7637
45.5,1,21.1225,20.0,2.0,20.0,20.0,2.0,0.0,1.7637
45.5,2,19.6834,17.2244,2.0,20.0,20.0,2.0,0.9571,1.7637
45.5,3,19.6834,22.7756,2.0,20.0,20.0,2.0,0.9571,1.7637
45.5,4,18.2162,18.2031,2.0,20.0,20.0,2.0,0.9288,1.7637
45.5,5,18.2162,21.7969,2.0,20.0,20.0,2.0,0.9288,1.7637
45.6,1,21.1225,20.0,2.0,20.0,20.0,2.0,0.0,1.7637
45.6,2,19.6834,17.2244,2.0,20.0,20.0,2.0,0.9571,1.7637
45.6,3,19.6834,22.7756,2.0,20.0,20.0,2.0,0.9571,1.7637
45.6,4,18.2162,18.2031,2.0,20.0,20.0,2.0,0.9288,1.7637
45.6,5,18.2162,21.7969,2.0,20.0,20.0,2.0,0.9288,1.7637
45.7,1,21.1225,20.0,2.0,20.0,20.0,2.0,0.0,1.7637
45.7,2,19.6834,17.2244,2.0,20.0,20.0,2.0,0.9571,1.7637
45.7,3,19.6834,22.7756,2.0,20.0,20.0,2.0,0.9571,1.7637
45.7,4,18.2162,18.2031,2.0,20.0,20.0,2.0,0.9288,1.7637
45.7,5,18.2162,21.7969,2.0,20.0,20.0,2.0,0.9288,1.7637
45.8,1,21.1225,20.0,2.0,20.0,20.0,2.0,0.0,1.7637
45.8,2,19.6834,17.2244,2.0,20.0,20.0,2.0,0.9571,1.7637
45.8,3,19.6834,22.7756,2.0,20.0,20.0,2.0,0.9571,1.7637
45.8,4,18.2162,18.2031,2.0,20.0,20.0,2.0,0.9288,1.7637
45.8,5,18.2162,21.7969,2.0,20.0,20.0,2.0,0.9288,1.7637
45.9,1,21.1225,20.0,2.0,20.0,20.0,2.0,0.0,1.7637
45.9,2,19.6834,17.2244,2.0,20.0,20.0,2.0,0.9571,1.7637
45.9,3,19.6834,22.7756,2.0,20.0,20.0,2.0,0.9571,1.7637
45.9,4,18.2162,18.2031,2.0,20.0,20.0,2.0,0.9288,1.7637
45.9,5,18.2162,21.7969,2.0,20.0,20.0,2.0,0.9288,1.7637
46.0,1,21.1225,20.0,2.0,20.0,20.0,2.0,0.0,1.7637
46.0,2,19.6834,17.2244,2.0,20.0,20.0,2.0,0.9571,1.7637
46.0,3,19.6834,22.7756,2.0,20.0,20.0,2.0,0.9571,1.7637
46.0,4,18.2162,18.2031,2.0,20.0,20.0,2.0,0.9288,1.7637
46.0,5,18.2162,21.7969,2.0,20.0,20.0,2.0,0.9288,1.7637
46.1,1,21.1225,20.0,2.0,20.0,20.0,2.0,0.0,1.7637
46.1,2,19.6834,17.2244,2.0,20.0,20.0,2.0,0.9571,1.7637
46.1,3,19.6834,22.7756,2.0,20.0,20.0,2.0,0.9571,1.7637
46.1,4,18.2162,18.2031,2.0,20.0,20.0,2.0,0.9288,1.7637
46.1,5,18.2162,21.7969,2.0,20.0,20.0,2.0,0.9288,1.7637
46.2,1,21.1225,20.0,2.0,20.0,20.0,2.0,0.0,1.7637
46.2,2,19.6834,17.2244,2.0,20.0,20.0,2.0,0.9571,1.7637
46.2,3,19.6834,22.7756,2.0,20.0,20.0,2.0,0.9571,1.7637
46.2,4,18.2162,18.2031,2.0,20.0,20.0,2.0,0.9288,1.7637
46.2,5,18.2162,21.7969,2.0,20.0,20.0,2.0,0.9288,1.7637
46.3,1,21.1225,20.0,2.0,20.0,20.0,2.0,0.0,1.7637
46.3,2,19.6834,17.2244,2.0,20.0,20.0,2.0,0.9571,1.7637
46.3,3,19.6834,22.7756,2.0,20.0,20.0,2.0,0.9571,1.7637
46.3,4,18.2162,18.2031,2.0,20.0,20.0,2.0,0.9288,1.7637
46.3,5,18.2162,21.7969,2.0,20.0,20.0,2.0,0.9288,1.7637
46.4,1,21.1225,20.0,2.0,20.0,20.0,2.0,0.0,1.7637
46.4,2,19.6834,17.2244,2.0,20.0,20.0,2.0,0.9571,1.7637
46.4,3,19.6834,22.7756,2.0,20.0,20.0,2.0,0.9571,1.7637
46.4,4,18.2162,18.2031,2.0,20.0,20.0,2.0,0.9288,1.7637
46.4,5,18.2162,21.7969,2.0,20.0,20.0,2.0,0.9288,1.7637
46.5,1,21.1225,20.0,2.0,20.0,20.0,2.0,0.0,1.7637
46.5,2,19.6834,17.2244,2.0,20.0,20.0,2.0,0.9571,1.7637
46.5,3,19.6834,22.7756,2.0,20.0,20.0,2.0,0.9571,1.7637
46.5,4,18.2162,18.2031,2.0,20.0,20.0,2.0,0.9288,1.7637
46.5,5,18.2162,21.7969,2.0,20.0,20.0,2.0,0.9288,1.7637
46.6,1,21.1225,20.0,2.0,20.0,20.0,2.0,0.0,1.7637
46.6,2,19.6834,17.2244,2.0,20.0,20.0,2.0,0.9571,1.7637
46.6,3,19.6834,22.7756,2.0,20.0,20.0,2.0,0.9571,1.7637
46.6,4,18.2162,18.2031,2.0,20.0,20.0,2.0,0.9288,1.7637
46.6,5,18.2162,21.7969,2.0,20.0,20.0,2.0,0.9288,1.7637
46.7,1,21.1225,20.0,2.0,20.0,20.0,2.0,0.0,1.7637
46.7,2,19.6834,17.2244,2.0,20.0,20.0,2.0,0.9571,1.7637
46.7,3,19.6834,22.7756,2.0,20.0,20.0,2.0,0.9571,1.7637
46.7,4,18.2162,18.2031,2.0,20.0,20.0,2.0,0.9288,1.7637
46.7,5,18.2162,21.7969,2.0,20.0,20.0,2.0,0.9288,1.7637
46.8,1,21.1225,20.0,2.0,20.0,20.0,2.0,0.0,1.7637
46.8,2,19.6834,17.2244,2.0,20.0,20.0,2.0,0.9571,1.7637
46.8,3,19.6834,22.7756,2.0,20.0,20.0,2.0,0.9571,1.7637
46.8,4,18.2162,18.2031,2.0,20.0,20.0,2.0,0.9288,1.7637
46.8,5,18.2162,21.7969,2.0,20.0,20.0,2.0,0.9288,1.7637
46.9,1,21.1225,20.0,2.0,20.0,20.0,2.0,0.0,1.7637
46.9,2,19.6834,17.2244,2.0,20.0,20.0,2.0,0.9571,1.7637
46.9,3,19.6834,22.7756,2.0,20.0,20.0,2.0,0.9571,1.7637
46.9,4,18.2162,18.2031,2.0,20.0,20.0,2.0,0.9288,1.7637
46.9,5,18.2162,21.7969,2.0,20.0,20.0,2.0,0.9288,1.7637
47.0,1,21.1225,20.0,2.0,20.0,20.0,2.0,0.0,1.7637
47.0,2,19.6834,17.2244,2.0,20.0,20.0,2.0,0.9571,1.7637
47.0,3,19.6834,22.7756,2.0,20.0,20.0,2.0,0.9571,1.7637
47.0,4,18.2162,18.2031,2.0,20.0,20.0,2.0,0.9288,1.7637
47.0,5,18.2162,21.7969,2.0,20.0,20.0,2.0,0.9288,1.7637
47.1,1,21.1225,20.0,2.0,20.0,20.0,2.0,0.0,1.7637
47.1,2,19.6834,17.2244,2.0,20.0,20.0,2.0,0.9571,1.7637
47.1,3,19.6834,22.7756,2.0,20.0,20.0,2.0,0.9571,1.7637
47.1,4,18.2162,18.2031,2.0,20.0,20.0,2.0,0.9288,1.7637
47.1,5,18.2162,21.7969,2.0,20.0,20.0,2.0,0.9288,1.7637
47.2,1,21.1225,20.0,2.0,20.0,20.0,2.0,0.0,1.7637
47.2,2,19.6834,17.2244,2.0,20.0,20.0,2.0,0.9571,1.7637
47.2,3,19.6834,22.7756,2.0,20.0,20.0,2.0,0.9571,1.7637
47.2,4,18.2162,18.2031,2.0,20.0,20.0,2.0,0.9288,1.7637
47.2,5,18.2162,21.7969,2.0,20.0,20.0,2.0,0.9288,1.7637
47.3,1,21.1225,20.0,2.0,20.0,20.0,2.0,0.0,1.7637
47.3,2,19.6834,17.2244,2.0,20.0,20.0,2.0,0.9571,1.7637
47.3,3,19.6834,22.7756,2.0,20.0,20.0,2.0,0.9571,1.7637
47.3,4,18.2162,18.2031,2.0,20.0,20.0,2.0,0.9288,1.7637
47.3,5,18.2162,21.7969,2.0,20.0,20.0,2.0,0.9288,1.7637
47.4,1,21.1225,20.0,2.0,20.0,20.0,2.0,0.0,1.7637
47.4,2,19.6834,17.2244,2.0,20.0,20.0,2.0,0.9571,1.7637
47.4,3,19.6834,22.7756,2.0,20.0,20.0,2.0,0.9571,1.7637
47.4,4,18.2162,18.2031,2.0,20.0,20.0,2.0,0.9288,1.7637
47.4,5,18.2162,21.7969,2.0,20.0,20.0,2.0,0.9288,1.7637
47.5,1,21.1225,20.0,2.0,20.0,20.0,2.0,0.0,1.7637
47.5,2,19.6834,17.2244,2.0,20.0,20.0,2.0,0.9571,1.7637
47.5,3,19.6834,22.7756,2.0,20.0,20.0,2.0,0.9571,1.7637
47.5,4,18.2162,18.2031,2.0,20.0,20.0,2.0,0.9288,1.7637
47.5,5,18.2162,21.7969,2.0,20.0,20.0,2.0,0.9288,1.7637
47.6,1,21.1225,20.0,2.0,20.0,20.0,2.0,0.0,1.7637
47.6,2,19.6834,17.2244,2.0,20.0,20.0,2.0,0.9571,1.7637
47.6,3,19.6834,22.7756,2.0,20.0,20.0,2.0,0.9571,1.7637
47.6,4,18.2162,18.2031,2.0,20.0,20.0,2.0,0.9288,1.7637
47.6,5,18.2162,21.7969,2.0,20.0,20.0,2.0,0.9288,1.7637
47.7,1,21.1225,20.0,2.0,20.0,20.0,2.0,0.0,1.7637
47.7,2,19.6834,17.2244,2.0,20.0,20.0,2.0,0.9571,1.7637
47.7,3,19.6834,22.7756,2.0,20.0,20.0,2.0,0.9571,1.7637
47.7,4,18.2162,18.2031,2.0,20.0,20.0,2.0,0.9288,1.7637
47.7,5,18.2162,21.7969,2.0,20.0,20.0,2.0,0.9288,1.7637
47.8,1,21.1225,20.0,2.0,20.0,20.0,2.0,0.0,1.7637
47.8,2,19.6834,17.2244,2.0,20.0,20.0,2.0,0.9571,1.7637
47.8,3,19.6834,22.7756,2.0,20.0,20.0,2.0,0.9571,1.7637
47.8,4,18.2162,18.2031,2.0,20.0,20.0,2.0,0.9288,1.7637
47.8,5,18.2162,21.7969,2.0,20.0,20.0,2.0,0.9288,1.7637
47.9,1,21.1225,20.0,2.0,20.0,20.0,2.0,0.0,1.7637
47.9,2,19.6834,17.2244,2.0,20.0,20.0,2.0,0.9571,1.7637
47.9,3,19.6834,22.7756,2.0,20.0,20.0,2.0,0.9571,1.7637
47.9,4,18.2162,18.2031,2.0,20.0,20.0,2.0,0.9288,1.7637
47.9,5,18.2162,21.7969,2.0,20.0,20.0,2.0,0.9288,1.7637
48.0,1,21.1225,20.0,2.0,20.0,20.0,2.0,0.0,1.7637
48.0,2,19.6834,17.2244,2.0,20.0,20.0,2.0,0.9571,1.7637
48.0,3,19.6834,22.7756,2.0,20.0,20.0,2.0,0.9571,1.7637
48.0,4,18.2162,18.2031,2.0,20.0,20.0,2.0,0.9288,1.7637
48.0,5,18.2162,21.7969,2.0,20.0,20.0,2.0,0.9288,1.7637
48.1,1,21.1225,20.0,2.0,20.0,20.0,2.0,0.0,1.7637
48.1,2,19.6834,17.2244,2.0,20.0,20.0,2.0,0.9571,1.7637
48.1,3,19.6834,22.7756,2.0,20.0,20.0,2.0,0.9571,1.7637
48.1,4,18.2162,18.2031,2.0,20.0,20.0,2.0,0.9288,1.7637
48.1,5,18.2162,21.7969,2.0,20.0,20.0,2.0,0.9288,1.7637
48.2,1,21.1225,20.0,2.0,20.0,20.0,2.0,0.0,1.7637
48.2,2,19.6834,17.2244,2.0,20.0,20.0,2.0,0.9571,1.7637
48.2,3,19.6834,22.7756,2.0,20.0,20.0,2.0,0.9571,1.7637
48.2,4,18.2162,18.2031,2.0,20.0,20.0,2.0,0.9288,1.7637
48.2,5,18.2162,21.7969,2.0,20.0,20.0,2.0,0.9288,1.7637
48.3,1,21.1225,20.0,2.0,20.0,20.0,2.0,0.0,1.7637
48.3,2,19.6834,17.2244,2.0,20.0,20.0,2.0,0.9571,1.7637
48.3,3,19.6834,22.7756,2.0,20.0,20.0,2.0,0.9571,1.7637
48.3,4,18.2162,18.2031,2.0,20.0,20.0,2.0,0.9288,1.7637
48.3,5,18.2162,21.7969,2.0,20.0,20.0,2.0,0.9288,1.7637
48.4,1,21.1225,20.0,2.0,20.0,20.0,2.0,0.0,1.7637
48.4,2,19.6834,17.2244,2.0,20.0,20.0,2.0,0.9571,1.7637
48.4,3,19.6834,22.7756,2.0,20.0,20.0,2.0,0.9571,1.7637
48.4,4,18.2162,18.2031,2.0,20.0,20.0,2.0,0.9288,1.7637
48.4,5,18.2162,21.7969,2.0,20.0,20.0,2.0,0.9288,1.7637
48.5,1,21.1225,20.0,2.0,20.0,20.0,2.0,0.0,1.7637
48.5,2,19.6834,17.2244,2.0,20.0,20.0,2.0,0.9571,1.7637
48.5,3,19.6834,22.7756,2.0,20.0,20.0,2.0,0.9571,1.7637
48.5,4,18.2162,18.2031,2.0,20.0,20.0,2.0,0.9288,1.7637
48.5,5,18.2162,21.7969,2.0,20.0,20.0,2.0,0.9288,1.7637
48.6,1,21.1225,20.0,2.0,20.0,20.0,2.0,0.0,1.7637
48.6,2,19.6834,17.2244,2.0,20.0,20.0,2.0,0.9571,1.7637
48.6,3,19.6834,22.7756,2.0,20.0,20.0,2.0,0.9571,1.7637
48.6,4,18.2162,18.2031,2.0,20.0,20.0,2.0,0.9288,1.7637
48.6,5,18.2162,21.7969,2.0,20.0,20.0,2.0,0.9288,1.7637
48.7,1,21.1225,20.0,2.0,20.0,20.0,2.0,0.0,1.7637
48.7,2,19.6834,17.2244,2.0,20.0,20.0,2.0,0.9571,1.7637
48.7,3,19.6834,22.7756,2.0,20.0,20.0,2.0,0.9571,1.7637
48.7,4,18.2162,18.2031,2.0,20.0,20.0,2.0,0.9288,1.7637
48.7,5,18.2162,21.7969,2.0,20.0,20.0,2.0,0.9288,1.7637
48.8,1,21.1225,20.0,2.0,20.0,20.0,2.0,0.0,1.7637
48.8,2,19.6834,17.2244,2.0,20.0,20.0,2.0,0.9571,1.7637
48.8,3,19.6834,22.7756,2.0,20.0,20.0,2.0,0.9571,1.7637
48.8,4,18.2162,18.2031,2.0,20.0,20.0,2.0,0.9288,1.7637
48.8,5,18.2162,21.7969,2.0,20.0,20.0,2.0,0.9288,1.7637
48.9,1,21.1225,20.0,2.0,20.0,20.0,2.0,0.0,1.7637
48.9,2,19.6834,17.2244,2.0,20.0,20.0,2.0,0.9571,1.7637
48.9,3,19.6834,22.7756,2.0,20.0,20.0,2.0,0.9571,1.7637
48.9,4,18.2162,18.2031,2.0,20.0,20.0,2.0,0.9288,1.7637
48.9,5,18.2162,21.7969,2.0,20.0,20.0,2.0,0.9288,1.7637
49.0,1,21.1225,20.0,2.0,20.0,20.0,2.0,0.0,1.7637
49.0,2,19.6834,17.2244,2.0,20.0,20.0,2.0,0.9571,1.7637
49.0,3,19.6834,22.7756,2.0,20.0,20.0,2.0,0.9571,1.7637
49.0,4,18.2162,18.2031,2.0,20.0,20.0,2.0,0.9288,1.7637
49.0,5,18.2162,21.7969,2.0,20.0,20.0,2.0,0.9288,1.7637
49.1,1,21.1225,20.0,2.0,20.0,20.0,2.0,0.0,1.7637
49.1,2,19.6834,17.2244,2.0,20.0,20.0,2.0,0.9571,1.7637
49.1,3,19.6834,22.7756,2.0,20.0,20.0,2.0,0.9571,1.7637
49.1,4,18.2162,18.2031,2.0,20.0,20.0,2.0,0.9288,1.7637
49.1,5,18.2162,21.7969,2.0,20.0,20.0,2.0,0.9288,1.7637
49.2,1,21.1225,20.0,2.0,20.0,20.0,2.0,0.0,1.7637
49.2,2,19.6834,17.2244,2.0,20.0,20.0,2.0,0.9571,1.7637
49.2,3,19.6834,22.7756,2.0,20.0,20.0,2.0,0.9571,1.7637
49.2,4,18.2162,18.2031,2.0,20.0,20.0,2.0,0.9288,1.7637
49.2,5,18.2162,21.7969,2.0,20.0,20.0,2.0,0.9288,1.7637
49.3,1,21.1225,20.0,2.0,20.0,20.0,2.0,0.0,1.7637
49.3,2,19.6834,17.2244,2.0,20.0,20.0,2.0,0.9571,1.7637
49.3,3,19.6834,22.7756,2.0,20.0,20.0,2.0,0.9571,1.7637
49.3,4,18.2162,18.2031,2.0,20.0,20.0,2.0,0.9288,1.7637
49.3,5,18.2162,21.7969,2.0,20.0,20.0,2.0,0.9288,1.7637
49.4,1,21.1225,20.0,2.0,20.0,20.0,2.0,0.0,1.7637
49.4,2,19.6834,17.2244,2.0,20.0,20.0,2.0,0.9571,1.7637
49.4,3,19.6834,22.7756,2.0,20.0,20.0,2.0,0.9571,1.7637
49.4,4,18.2162,18.2031,2.0,20.0,20.0,2.0,0.9288,1.7637
49.4,5,18.2162,21.7969,2.0,20.0,20.0,2.0,0.9288,1.7637
49.5,1,21.1225,20.0,2.0,20.0,20.0,2.0,0.0,1.7637
49.5,2,19.6834,17.2244,2.0,20.0,20.0,2.0,0.9571,1.7637
49.5,3,19.6834,22.7756,2.0,20.0,20.0,2.0,0.9571,1.7637
49.5,4,18.2162,18.2031,2.0,20.0,20.0,2.0,0.9288,1.7637
49.5,5,18.2162,21.7969,2.0,20.0,20.0,2.0,0.9288,1.7637
49.6,1,21.1225,20.0,2.0,20.0,20.0,2.0,0.0,1.7637
49.6,2,19.6834,17.2244,2.0,20.0,20.0,2.0,0.9571,1.7637
49.6,3,19.6834,22.7756,2.0,20.0,20.0,2.0,0.9571,1.7637
49.6,4,18.2162,18.2031,2.0,20.0,20.0,2.0,0.9288,1.7637
49.6,5,18.2162,21.7969,2.0,20.0,20.0,2.0,0.9288,1.7637
49.7,1,21.1225,20.0,2.0,20.0,20.0,2.0,0.0,1.7637
49.7,2,19.6834,17.2244,2.0,20.0,20.0,2.0,0.9571,1.7637
49.7,3,19.6834,22.7756,2.0,20.0,20.0,2.0,0.9571,1.7637
49.7,4,18.2162,18.2031,2.0,20.0,20.0,2.0,0.9288,1.7637
49.7,5,18.2162,21.7969,2.0,20.0,20.0,2.0,0.9288,1.7637
49.8,1,21.1225,20.0,2.0,20.0,20.0,2.0,0.0,1.7637
49.8,2,19.6834,17.2244,2.0,20.0,20.0,2.0,0.9571,1.7637
49.8,3,19.6834,22.7756,2.0,20.0,20.0,2.0,0.9571,1.7637
49.8,4,18.2162,18.2031,2.0,20.0,20.0,2.0,0.9288,1.7637
49.8,5,18.2162,21.7969,2.0,20.0,20.0,2.0,0.9288,1.7637
49.9,1,21.1225,20.0,2.0,20.0,20.0,2.0,0.0,1.7637
49.9,2,19.6834,17.2244,2.0,20.0,20.0,2.0,0.9571,1.7637
49.9,3,19.6834,22.7756,2.0,20.0,20.0,2.0,0.9571,1.7637
49.9,4,18.2162,18.2031,2.0,20.0,20.0,2.0,0.9288,1.7637
49.9,5,18.2162,21.7969,2.0,20.0,20.0,2.0,0.9288,1.7637
50.0,1,21.1225,20.0,2.0,20.0,20.0,2.0,0.0,1.7637
50.0,2,19.6834,17.2244,2.0,20.0,20.0,2.0,0.9571,1.7637
50.0,3,19.6834,22.7756,2.0,20.0,20.0,2.0,0.9571,1.7637
50.0,4,18.2162,18.2031,2.0,20.0,20.0,2.0,0.9288,1.7637
50.0,5,18.2162,21.7969,2.0,20.0,20.0,2.0,0.9288,1.7637
50.1,1,21.1225,20.0,2.0,20.0,20.0,2.0,0.0,1.7637
50.1,2,19.6834,17.2244,2.0,20.0,20.0,2.0,0.9571,1.7637
50.1,3,19.6834,22.7756,2.0,20.0,20.0,2.0,0.9571,1.7637
50.1,4,18.2162,18.2031,2.0,20.0,20.0,2.0,0.9288,1.7637
50.1,5,18.2162,21.7969,2.0,20.0,20.0,2.0,0.9288,1.7637
50.2,1,21.1225,20.0,2.0,20.0,20.0,2.0,0.0,1.7637
50.2,2,19.6834,17.2244,2.0,20.0,20.0,2.0,0.9571,1.7637
50.2,3,19.6834,22.7756,2.0,20.0,20.0,2.0,0.9571,1.7637
50.2,4,18.2162,18.2031,2.0,20.0,20.0,2.0,0.9288,1.7637
50.2,5,18.2162,21.7969,2.0,20.0,20.0,2.0,0.9288,1.7637
50.3,1,21.1225,20.0,2.0,20.0,20.0,2.0,0.0,1.7637
50.3,2,19.6834,17.2244,2.0,20.0,20.0,2.0,0.9571,1.7637
50.3,3,19.6834,22.7756,2.0,20.0,20.0,2.0,0.9571,1.7637
50.3,4,18.2162,18.2031,2.0,20.0,20.0,2.0,0.9288,1.7637
50.3,5,18.2162,21.7969,2.0,20.0,20.0,2.0,0.9288,1.7637
50.4,1,21.1225,20.0,2.0,20.0,20.0,2.0,0.0,1.7637
50.4,2,19.6834,17.2244,2.0,20.0,20.0,2.0,0.9571,1.7637
50.4,3,19.6834,22.7756,2.0,20.0,20.0,2.0,0.9571,1.7637
50.4,4,18.2162,18.2031,2.0,20.0,20.0,2.0,0.9288,1.7637
50.4,5,18.2162,21.7969,2.0,20.0,20.0,2.0,0.9288,1.7637
50.5,1,21.1225,20.0,2.0,20.0,20.0,2.0,0.0,1.7637
50.5,2,19.6834,17.2244,2.0,20.0,20.0,2.0,0.9571,1.7637
50.5,3,19.6834,22.7756,2.0,20.0,20.0,2.0,0.9571,1.7637
50.5,4,18.2162,18.2031,2.0,20.0,20.0,2.0,0.9288,1.7637
50.5,5,18.2162,21.7969,2.0,20.0,20.0,2.0,0.9288,1.7637
50.6,1,21.1225,20.0,2.0,20.0,20.0,2.0,0.0,1.7637
50.6,2,19.6834,17.2244,2.0,20.0,20.0,2.0,0.9571,1.7637
50.6,3,19.6834,22.7756,2.0,20.0,20.0,2.0,0.9571,1.7637
50.6,4,18.2162,18.2031,2.0,20.0,20.0,2.0,0.9288,1.7637
50.6,5,18.2162,21.7969,2.0,20.0,20.0,2.0,0.9288,1.7637
50.7,1,21.1225,20.0,2.0,20.0,20.0,2.0,0.0,1.7637
50.7,2,19.6834,17.2244,2.0,20.0,20.0,2.0,0.9571,1.7637
50.7,3,19.6834,22.7756,2.0,20.0,20.0,2.0,0.9571,1.7637
50.7,4,18.2162,18.2031,2.0,20.0,20.0,2.0,0.9288,1.7637
50.7,5,18.2162,21.7969,2.0,20.0,20.0,2.0,0.9288,1.7637
50.8,1,21.1225,20.0,2.0,20.0,20.0,2.0,0.0,1.7637
50.8,2,19.6834,17.2244,2.0,20.0,20.0,2.0,0.9571,1.7637
50.8,3,19.6834,22.7756,2.0,20.0,20.0,2.0,0.9571,1.7637
50.8,4,18.2162,18.2031,2.0,20.0,20.0,2.0,0.9288,1.7637
50.8,5,18.2162,21.7969,2.0,20.0,20.0,2.0,0.9288,1.7637
50.9,1,21.1225,20.0,2.0,20.0,20.0,2.0,0.0,1.7637
50.9,2,19.6834,17.2244,2.0,20.0,20.0,2.0,0.9571,1.7637
50.9,3,19.6834,22.7756,2.0,20.0,20.0,2.0,0.9571,1.7637
50.9,4,18.2162,18.2031,2.0,20.0,20.0,2.0,0.9288,1.7637
50.9,5,18.2162,21.7969,2.0,20.0,20.0,2.0,0.9288,1.7637
51.0,1,21.1225,20.0,2.0,20.0,20.0,2.0,0.0,1.7637
51.0,2,19.6834,17.2244,2.0,20.0,20.0,2.0,0.9571,1.7637
51.0,3,19.6834,22.7756,2.0,20.0,20.0,2.0,0.9571,1.7637
51.0,4,18.2162,18.2031,2.0,20.0,20.0,2.0,0.9288,1.7637
51.0,5,18.2162,21.7969,2.0,20.0,20.0,2.0,0.9288,1.7637
51.1,1,21.1225,20.0,2.0,20.0,20.0,2.0,0.0,1.7637
51.1,2,19.6834,17.2244,2.0,20.0,20.0,2.0,0.9571,1.7637
51.1,3,19.6834,22.7756,2.0,20.0,20.0,2.0,0.9571,1.7637
51.1,4,18.2162,18.2031,2.0,20.0,20.0,2.0,0.9288,1.7637
51.1,5,18.2162,21.7969,2.0,20.0,20.0,2.0,0.9288,1.7637
51.2,1,21.1225,20.0,2.0,20.0,20.0,2.0,0.0,1.7637
51.2,2,19.6834,17.2244,2.0,20.0,20.0,2.0,0.9571,1.7637
51.2,3,19.6834,22.7756,2.0,20.0,20.0,2.0,0.9571,1.7637
51.2,4,18.2162,18.2031,2.0,20.0,20.0,2.0,0.9288,1.7637
51.2,5,18.2162,21.7969,2.0,20.0,20.0,2.0,0.9288,1.7637
51.3,1,21.1225,20.0,2.0,20.0,20.0,2.0,0.0,1.7637
51.3,2,19.6834,17.2244,2.0,20.0,20.0,2.0,0.9571,1.7637
51.3,3,19.6834,22.7756,2.0,20.0,20.0,2.0,0.9571,1.7637
51.3,4,18.2162,18.2031,2.0,20.0,20.0,2.0,0.9288,1.7637
51.3,5,18.2162,21.7969,2.0,20.0,20.0,2.0,0.9288,1.7637
51.4,1,21.1225,20.0,2.0,20.0,20.0,2.0,0.0,1.7637
51.4,2,19.6834,17.2244,2.0,20.0,20.0,2.0,0.9571,1.7637
51.4,3,19.6834,22.7756,2.0,20.0,20.0,2.0,0.9571,1.7637
51.4,4,18.2162,18.2031,2.0,20.0,20.0,2.0,0.9288,1.7637
51.4,5,18.2162,21.7969,2.0,20.0,20.0,2.0,0.9288,1.7637
51.5,1,21.1225,20.0,2.0,20.0,20.0,2.0,0.0,1.7637
51.5,2,19.6834,17.2244,2.0,20.0,20.0,2.0,0.9571,1.7637
51.5,3,19.6834,22.7756,2.0,20.0,20.0,2.0,0.9571,1.7637
51.5,4,18.2162,18.2031,2.0,20.0,20.0,2.0,0.9288,1.7637
51.5,5,18.2162,21.7969,2.0,20.0,20.0,2.0,0.9288,1.7637
51.6,1,21.1225,20.0,2.0,20.0,20.0,2.0,0.0,1.7637
51.6,2,19.6834,17.2244,2.0,20.0,20.0,2.0,0.9571,1.7637
51.6,3,19.6834,22.7756,2.0,20.0,20.0,2.0,0.9571,1.7637
51.6,4,18.2162,18.2031,2.0,20.0,20.0,2.0,0.9288,1.7637
51.6,5,18.2162,21.7969,2.0,20.0,20.0,2.0,0.9288,1.7637
51.7,1,21.1225,20.0,2.0,20.0,20.0,2.0,0.0,1.7637
51.7,2,19.6834,17.2244,2.0,20.0,20.0,2.0,0.9571,1.7637
51.7,3,19.6834,22.7756,2.0,20.0,20.0,2.0,0.9571,1.7637
51.7,4,18.2162,18.2031,2.0,20.0,20.0,2.0,0.9288,1.7637
51.7,5,18.2162,21.7969,2.0,20.0,20.0,2.0,0.9288,1.7637
51.8,1,21.1225,20.0,2.0,20.0,20.0,2.0,0.0,1.7637
51.8,2,19.6834,17.2244,2.0,20.0,20.0,2.0,0.9571,1.7637
51.8,3,19.6834,22.7756,2.0,20.0,20.0,2.0,0.9571,1.7637
51.8,4,18.2162,18.2031,2.0,20.0,20.0,2.0,0.9288,1.7637
51.8,5,18.2162,21.7969,2.0,20.0,20.0,2.0,0.9288,1.7637
51.9,1,21.1225,20.0,2.0,20.0,20.0,2.0,0.0,1.7637
51.9,2,19.6834,17.2244,2.0,20.0,20.0,2.0,0.9571,1.7637
51.9,3,19.6834,22.7756,2.0,20.0,20.0,2.0,0.9571,1.7637
51.9,4,18.2162,18.2031,2.0,20.0,20.0,2.0,0.9288,1.7637
51.9,5,18.2162,21.7969,2.0,20.0,20.0,2.0,0.9288,1.7637
52.0,1,21.1225,20.0,2.0,20.0,20.0,2.0,0.0,1.7637
52.0,2,19.6834,17.2244,2.0,20.0,20.0,2.0,0.9571,1.7637
52.0,3,19.6834,22.7756,2.0,20.0,20.0,2.0,0.9571,1.7637
52.0,4,18.2162,18.2031,2.0,20.0,20.0,2.0,0.9288,1.7637
52.0,5,18.2162,21.7969,2.0,20.0,20.0,2.0,0.9288,1.7637
52.1,1,21.1225,20.0,2.0,20.0,20.0,2.0,0.0,1.7637
52.1,2,19.6834,17.2244,2.0,20.0,20.0,2.0,0.9571,1.7637
52.1,3,19.6834,22.7756,2.0,20.0,20.0,2.0,0.9571,1.7637
52.1,4,18.2162,18.2031,2.0,20.0,20.0,2.0,0.9288,1.7637
52.1,5,18.2162,21.7969,2.0,20.0,20.0,2.0,0.9288,1.7637
52.2,1,21.1225,20.0,2.0,20.0,20.0,2.0,0.0,1.7637
52.2,2,19.6834,17.2244,2.0,20.0,20.0,2.0,0.9571,1.7637
52.2,3,19.6834,22.7756,2.0,20.0,20.0,2.0,0.9571,1.7637
52.2,4,18.2162,18.2031,2.0,20.0,20.0,2.0,0.9288,1.7637
52.2,5,18.2162,21.7969,2.0,20.0,20.0,2.0,0.9288,1.7637
52.3,1,21.1225,20.0,2.0,20.0,20.0,2.0,0.0,1.7637
52.3,2,19.6834,17.2244,2.0,20.0,20.0,2.0,0.9571,1.7637
52.3,3,19.6834,22.7756,2.0,20.0,20.0,2.0,0.9571,1.7637
52.3,4,18.2162,18.2031,2.0,20.0,20.0,2.0,0.9288,1.7637
52.3,5,18.2162,21.7969,2.0,20.0,20.0,2.0,0.9288,1.7637
52.4,1,21.1225,20.0,2.0,20.0,20.0,2.0,0.0,1.7637
52.4,2,19.6834,17.2244,2.0,20.0,20.0,2.0,0.9571,1.7637
52.4,3,19.6834,22.7756,2.0,20.0,20.0,2.0,0.9571,1.7637
52.4,4,18.2162,18.2031,2.0,20.0,20.0,2.0,0.9288,1.7637
52.4,5,18.2162,21.7969,2.0,20.0,20.0,2.0,0.9288,1.7637
52.5,1,21.1225,20.0,2.0,20.0,20.0,2.0,0.0,1.7637
52.5,2,19.6834,17.2244,2.0,20.0,20.0,2.0,0.9571,1.7637
52.5,3,19.6834,22.7756,2.0,20.0,20.0,2.0,0.9571,1.7637
52.5,4,18.2162,18.2031,2.0,20.0,20.0,2.0,0.9288,1.7637
52.5,5,18.2162,21.7969,2.0,20.0,20.0,2.0,0.9288,1.7637
52.6,1,21.1225,20.0,2.0,20.0,20.0,2.0,0.0,1.7637
52.6,2,19.6834,17.2244,2.0,20.0,20.0,2.0,0.9571,1.7637
52.6,3,19.6834,22.7756,2.0,20.0,20.0,2.0,0.9571,1.7637
52.6,4,18.2162,18.2031,2.0,20.0,20.0,2.0,0.9288,1.7637
52.6,5,18.2162,21.7969,2.0,20.0,20.0,2.0,0.9288,1.7637
52.7,1,21.1225,20.0,2.0,20.0,20.0,2.0,0.0,1.7637
52.7,2,19.6834,17.2244,2.0,20.0,20.0,2.0,0.9571,1.7637
52.7,3,19.6834,22.7756,2.0,20.0,20.0,2.0,0.9571,1.7637
52.7,4,18.2162,18.2031,2.0,20.0,20.0,2.0,0.9288,1.7637
52.7,5,18.2162,21.7969,2.0,20.0,20.0,2.0,0.9288,1.7637
52.8,1,21.1225,20.0,2.0,20.0,20.0,2.0,0.0,1.7637
52.8,2,19.6834,17.2244,2.0,20.0,20.0,2.0,0.9571,1.7637
52.8,3,19.6834,22.7756,2.0,20.0,20.0,2.0,0.9571,1.7637
52.8,4,18.2162,18.2031,2.0,20.0,20.0,2.0,0.9288,1.7637
52.8,5,18.2162,21.7969,2.0,20.0,20.0,2.0,0.9288,1.7637
52.9,1,21.1225,20.0,2.0,20.0,20.0,2.0,0.0,1.7637
52.9,2,19.6834,17.2244,2.0,20.0,20.0,2.0,0.9571,1.7637
52.9,3,19.6834,22.7756,2.0,20.0,20.0,2.0,0.9571,1.7637
52.9,4,18.2162,18.2031,2.0,20.0,20.0,2.0,0.9288,1.7637
52.9,5,18.2162,21.7969,2.0,20.0,20.0,2.0,0.9288,1.7637
53.0,1,21.1225,20.0,2.0,20.0,20.0,2.0,0.0,1.7637
53.0,2,19.6834,17.2244,2.0,20.0,20.0,2.0,0.9571,1.7637
53.0,3,19.6834,22.7756,2.0,20.0,20.0,2.0,0.9571,1.7637
53.0,4,18.2162,18.2031,2.0,20.0,20.0,2.0,0.9288,1.7637
53.0,5,18.2162,21.7969,2.0,20.0,20.0,2.0,0.9288,1.7637
53.1,1,21.1225,20.0,2.0,20.0,20.0,2.0,0.0,1.7637
53.1,2,19.6834,17.2244,2.0,20.0,20.0,2.0,0.9571,1.7637
53.1,3,19.6834,22.7756,2.0,20.0,20.0,2.0,0.9571,1.7637
53.1,4,18.2162,18.2031,2.0,20.0,20.0,2.0,0.9288,1.7637
53.1,5,18.2162,21.7969,2.0,20.0,20.0,2.0,0.9288,1.7637
53.2,1,21.1225,20.0,2.0,20.0,20.0,2.0,0.0,1.7637
53.2,2,19.6834,17.2244,2.0,20.0,20.0,2.0,0.9571,1.7637
53.2,3,19.6834,22.7756,2.0,20.0,20.0,2.0,0.9571,1.7637
53.2,4,18.2162,18.2031,2.0,20.0,20.0,2.0,0.9288,1.7637
53.2,5,18.2162,21.7969,2.0,20.0,20.0,2.0,0.9288,1.7637
53.3,1,21.1225,20.0,2.0,20.0,20.0,2.0,0.0,1.7637
53.3,2,19.6834,17.2244,2.0,20.0,20.0,2.0,0.9571,1.7637
53.3,3,19.6834,22.7756,2.0,20.0,20.0,2.0,0.9571,1.7637
53.3,4,18.2162,18.2031,2.0,20.0,20.0,2.0,0.9288,1.7637
53.3,5,18.2162,21.7969,2.0,20.0,20.0,2.0,0.9288,1.7637
53.4,1,21.1225,20.0,2.0,20.0,20.0,2.0,0.0,1.7637
53.4,2,19.6834,17.2244,2.0,20.0,20.0,2.0,0.9571,1.7637
53.4,3,19.6834,22.7756,2.0,20.0,20.0,2.0,0.9571,1.7637
53.4,4,18.2162,18.2031,2.0,20.0,20.0,2.0,0.9288,1.7637
53.4,5,18.2162,21.7969,2.0,20.0,20.0,2.0,0.9288,1.7637
53.5,1,21.1225,20.0,2.0,20.0,20.0,2.0,0.0,1.7637
53.5,2,19.6834,17.2244,2.0,20.0,20.0,2.0,0.9571,1.7637
53.5,3,19.6834,22.7756,2.0,20.0,20.0,2.0,0.9571,1.7637
53.5,4,18.2162,18.2031,2.0,20.0,20.0,2.0,0.9288,1.7637
53.5,5,18.2162,21.7969,2.0,20.0,20.0,2.0,0.9288,1.7637
53.6,1,21.1225,20.0,2.0,20.0,20.0,2.0,0.0,1.7637
53.6,2,19.6834,17.2244,2.0,20.0,20.0,2.0,0.9571,1.7637
53.6,3,19.6834,22.7756,2.0,20.0,20.0,2.0,0.9571,1.7637
53.6,4,18.2162,18.2031,2.0,20.0,20.0,2.0,0.9288,1.7637
53.6,5,18.2162,21.7969,2.0,20.0,20.0,2.0,0.9288,1.7637
53.7,1,21.1225,20.0,2.0,20.0,20.0,2.0,0.0,1.7637
53.7,2,19.6834,17.2244,2.0,20.0,20.0,2.0,0.9571,1.7637
53.7,3,19.6834,22.7756,2.0,20.0,20.0,2.0,0.9571,1.7637
53.7,4,18.2162,18.2031,2.0,20.0,20.0,2.0,0.9288,1.7637
53.7,5,18.2162,21.7969,2.0,20.0,20.0,2.0,0.9288,1.7637
53.8,1,21.1225,20.0,2.0,20.0,20.0,2.0,0.0,1.7637
53.8,2,19.6834,17.2244,2.0,20.0,20.0,2.0,0.9571,1.7637
53.8,3,19.6834,22.7756,2.0,20.0,20.0,2.0,0.9571,1.7637
53.8,4,18.2162,18.2031,2.0,20.0,20.0,2.0,0.9288,1.7637
53.8,5,18.2162,21.7969,2.0,20.0,20.0,2.0,0.9288,1.7637
53.9,1,21.1225,20.0,2.0,20.0,20.0,2.0,0.0,1.7637
53.9,2,19.6834,17.2244,2.0,20.0,20.0,2.0,0.9571,1.7637
53.9,3,19.6834,22.7756,2.0,20.0,20.0,2.0,0.9571,1.7637
53.9,4,18.2162,18.2031,2.0,20.0,20.0,2.0,0.9288,1.7637
53.9,5,18.2162,21.7969,2.0,20.0,20.0,2.0,0.9288,1.7637
54.0,1,21.1225,20.0,2.0,20.0,20.0,2.0,0.0,1.7637
54.0,2,19.6834,17.2244,2.0,20.0,20.0,2.0,0.9571,1.7637
54.0,3,19.6834,22.7756,2.0,20.0,20.0,2.0,0.9571,1.7637
54.0,4,18.2162,18.2031,2.0,20.0,20.0,2.0,0.9288,1.7637
54.0,5,18.2162,21.7969,2.0,20.0,20.0,2.0,0.9288,1.7637
54.1,1,21.1225,20.0,2.0,20.0,20.0,2.0,0.0,1.7637
54.1,2,19.6834,17.2244,2.0,20.0,20.0,2.0,0.9571,1.7637
54.1,3,19.6834,22.7756,2.0,20.0,20.0,2.0,0.9571,1.7637
54.1,4,18.2162,18.2031,2.0,20.0,20.0,2.0,0.9288,1.7637
54.1,5,18.2162,21.7969,2.0,20.0,20.0,2.0,0.9288,1.7637
54.2,1,21.1225,20.0,2.0,20.0,20.0,2.0,0.0,1.7637
54.2,2,19.6834,17.2244,2.0,20.0,20.0,2.0,0.9571,1.7637
54.2,3,19.6834,22.7756,2.0,20.0,20.0,2.0,0.9571,1.7637
54.2,4,18.2162,18.2031,2.0,20.0,20.0,2.0,0.9288,1.7637
54.2,5,18.2162,21.7969,2.0,20.0,20.0,2.0,0.9288,1.7637
54.3,1,21.1225,20.0,2.0,20.0,20.0,2.0,0.0,1.7637
54.3,2,19.6834,17.2244,2.0,20.0,20.0,2.0,0.9571,1.7637
54.3,3,19.6834,22.7756,2.0,20.0,20.0,2.0,0.9571,1.7637
54.3,4,18.2162,18.2031,2.0,20.0,20.0,2.0,0.9288,1.7637
54.3,5,18.2162,21.7969,2.0,20.0,20.0,2.0,0.9288,1.7637
54.4,1,21.1225,20.0,2.0,20.0,20.0,2.0,0.0,1.7637
54.4,2,19.6834,17.2244,2.0,20.0,20.0,2.0,0.9571,1.7637
54.4,3,19.6834,22.7756,2.0,20.0,20.0,2.0,0.9571,1.7637
54.4,4,18.2162,18.2031,2.0,20.0,20.0,2.0,0.9288,1.7637
54.4,5,18.2162,21.7969,2.0,20.0,20.0,2.0,0.9288,1.7637
54.5,1,21.1225,20.0,2.0,20.0,20.0,2.0,0.0,1.7637
54.5,2,19.6834,17.2244,2.0,20.0,20.0,2.0,0.9571,1.7637
54.5,3,19.6834,22.7756,2.0,20.0,20.0,2.0,0.9571,1.7637
54.5,4,18.2162,18.2031,2.0,20.0,20.0,2.0,0.9288,1.7637
54.5,5,18.2162,21.7969,2.0,20.0,20.0,2.0,0.9288,1.7637
54.6,1,21.1225,20.0,2.0,20.0,20.0,2.0,0.0,1.7637
54.6,2,19.6834,17.2244,2.0,20.0,20.0,2.0,0.9571,1.7637
54.6,3,19.6834,22.7756,2.0,20.0,20.0,2.0,0.9571,1.7637
54.6,4,18.2162,18.2031,2.0,20.0,20.0,2.0,0.9288,1.7637
54.6,5,18.2162,21.7969,2.0,20.0,20.0,2.0,0.9288,1.7637
54.7,1,21.1225,20.0,2.0,20.0,20.0,2.0,0.0,1.7637
54.7,2,19.6834,17.2244,2.0,20.0,20.0,2.0,0.9571,1.7637
54.7,3,19.6834,22.7756,2.0,20.0,20.0,2.0,0.9571,1.7637
54.7,4,18.2162,18.2031,2.0,20.0,20.0,2.0,0.9288,1.7637
54.7,5,18.2162,21.7969,2.0,20.0,20.0,2.0,0.9288,1.7637
54.8,1,21.1225,20.0,2.0,20.0,20.0,2.0,0.0,1.7637
54.8,2,19.6834,17.2244,2.0,20.0,20.0,2.0,0.9571,1.7637
54.8,3,19.6834,22.7756,2.0,20.0,20.0,2.0,0.9571,1.7637
54.8,4,18.2162,18.2031,2.0,20.0,20.0,2.0,0.9288,1.7637
54.8,5,18.2162,21.7969,2.0,20.0,20.0,2.0,0.9288,1.7637
54.9,1,21.1225,20.0,2.0,20.0,20.0,2.0,0.0,1.7637
54.9,2,19.6834,17.2244,2.0,20.0,20.0,2.0,0.9571,1.7637
54.9,3,19.6834,22.7756,2.0,20.0,20.0,2.0,0.9571,1.7637
54.9,4,18.2162,18.2031,2.0,20.0,20.0,2.0,0.9288,1.7637
54.9,5,18.2162,21.7969,2.0,20.0,20.0,2.0,0.9288,1.7637
55.0,1,21.1225,20.0,2.0,20.0,20.0,2.0,0.0,1.7637
55.0,2,19.6834,17.2244,2.0,20.0,20.0,2.0,0.9571,1.7637
55.0,3,19.6834,22.7756,2.0,20.0,20.0,2.0,0.9571,1.7637
55.0,4,18.2162,18.2031,2.0,20.0,20.0,2.0,0.9288,1.7637
55.0,5,18.2162,21.7969,2.0,20.0,20.0,2.0,0.9288,1.7637
55.1,1,21.1225,20.0,2.0,20.0,20.0,2.0,0.0,1.7637
55.1,2,19.6834,17.2244,2.0,20.0,20.0,2.0,0.9571,1.7637
55.1,3,19.6834,22.7756,2.0,20.0,20.0,2.0,0.9571,1.7637
55.1,4,18.2162,18.2031,2.0,20.0,20.0,2.0,0.9288,1.7637
55.1,5,18.2162,21.7969,2.0,20.0,20.0,2.0,0.9288,1.7637
55.2,1,21.1225,20.0,2.0,20.0,20.0,2.0,0.0,1.7637
55.2,2,19.6834,17.2244,2.0,20.0,20.0,2.0,0.9571,1.7637
55.2,3,19.6834,22.7756,2.0,20.0,20.0,2.0,0.9571,1.7637
55.2,4,18.2162,18.2031,2.0,20.0,20.0,2.0,0.9288,1.7637
55.2,5,18.2162,21.7969,2.0,20.0,20.0,2.0,0.9288,1.7637
55.3,1,21.1225,20.0,2.0,20.0,20.0,2.0,0.0,1.7637
55.3,2,19.6834,17.2244,2.0,20.0,20.0,2.0,0.9571,1.7637
55.3,3,19.6834,22.7756,2.0,20.0,20.0,2.0,0.9571,1.7637
55.3,4,18.2162,18.2031,2.0,20.0,20.0,2.0,0.9288,1.7637
55.3,5,18.2162,21.7969,2.0,20.0,20.0,2.0,0.9288,1.7637
55.4,1,21.1225,20.0,2.0,20.0,20.0,2.0,0.0,1.7637
55.4,2,19.6834,17.2244,2.0,20.0,20.0,2.0,0.9571,1.7637
55.4,3,19.6834,22.7756,2.0,20.0,20.0,2.0,0.9571,1.7637
55.4,4,18.2162,18.2031,2.0,20.0,20.0,2.0,0.9288,1.7637
55.4,5,18.2162,21.7969,2.0,20.0,20.0,2.0,0.9288,1.7637
55.5,1,21.1225,20.0,2.0,20.0,20.0,2.0,0.0,1.7637
55.5,2,19.6834,17.2244,2.0,20.0,20.0,2.0,0.9571,1.7637
55.5,3,19.6834,22.7756,2.0,20.0,20.0,2.0,0.9571,1.7637
55.5,4,18.2162,18.2031,2.0,20.0,20.0,2.0,0.9288,1.7637
55.5,5,18.2162,21.7969,2.0,20.0,20.0,2.0,0.9288,1.7637
55.6,1,21.1225,20.0,2.0,20.0,20.0,2.0,0.0,1.7637
55.6,2,19.6834,17.2244,2.0,20.0,20.0,2.0,0.9571,1.7637
55.6,3,19.6834,22.7756,2.0,20.0,20.0,2.0,0.9571,1.7637
55.6,4,18.2162,18.2031,2.0,20.0,20.0,2.0,0.9288,1.7637
55.6,5,18.2162,21.7969,2.0,20.0,20.0,2.0,0.9288,1.7637
55.7,1,21.1225,20.0,2.0,20.0,20.0,2.0,0.0,1.7637
55.7,2,19.6834,17.2244,2.0,20.0,20.0,2.0,0.9571,1.7637
55.7,3,19.6834,22.7756,2.0,20.0,20.0,2.0,0.9571,1.7637
55.7,4,18.2162,18.2031,2.0,20.0,20.0,2.0,0.9288,1.7637
55.7,5,18.2162,21.7969,2.0,20.0,20.0,2.0,0.9288,1.7637
55.8,1,21.1225,20.0,2.0,20.0,20.0,2.0,0.0,1.7637
55.8,2,19.6834,17.2244,2.0,20.0,20.0,2.0,0.9571,1.7637
55.8,3,19.6834,22.7756,2.0,20.0,20.0,2.0,0.9571,1.7637
55.8,4,18.2162,18.2031,2.0,20.0,20.0,2.0,0.9288,1.7637
55.8,5,18.2162,21.7969,2.0,20.0,20.0,2.0,0.9288,1.7637
55.9,1,21.1225,20.0,2.0,20.0,20.0,2.0,0.0,1.7637
55.9,2,19.6834,17.2244,2.0,20.0,20.0,2.0,0.9571,1.7637
55.9,3,19.6834,22.7756,2.0,20.0,20.0,2.0,0.9571,1.7637
55.9,4,18.2162,18.2031,2.0,20.0,20.0,2.0,0.9288,1.7637
55.9,5,18.2162,21.7969,2.0,20.0,20.0,2.0,0.9288,1.7637
56.0,1,21.1225,20.0,2.0,20.0,20.0,2.0,0.0,1.7637
56.0,2,19.6834,17.2244,2.0,20.0,20.0,2.0,0.9571,1.7637
56.0,3,19.6834,22.7756,2.0,20.0,20.0,2.0,0.9571,1.7637
56.0,4,18.2162,18.2031,2.0,20.0,20.0,2.0,0.9288,1.7637
56.0,5,18.2162,21.7969,2.0,20.0,20.0,2.0,0.9288,1.7637
56.1,1,21.1225,20.0,2.0,20.0,20.0,2.0,0.0,1.7637
56.1,2,19.6834,17.2244,2.0,20.0,20.0,2.0,0.9571,1.7637
56.1,3,19.6834,22.7756,2.0,20.0,20.0,2.0,0.9571,1.7637
56.1,4,18.2162,18.2031,2.0,20.0,20.0,2.0,0.9288,1.7637
56.1,5,18.2162,21.7969,2.0,20.0,20.0,2.0,0.9288,1.7637
56.2,1,21.1225,20.0,2.0,20.0,20.0,2.0,0.0,1.7637
56.2,2,19.6834,17.2244,2.0,20.0,20.0,2.0,0.9571,1.7637
56.2,3,19.6834,22.7756,2.0,20.0,20.0,2.0,0.9571,1.7637
56.2,4,18.2162,18.2031,2.0,20.0,20.0,2.0,0.9288,1.7637
56.2,5,18.2162,21.7969,2.0,20.0,20.0,2.0,0.9288,1.7637
56.3,1,21.1225,20.0,2.0,20.0,20.0,2.0,0.0,1.7637
56.3,2,19.6834,17.2244,2.0,20.0,20.0,2.0,0.9571,1.7637
56.3,3,19.6834,22.7756,2.0,20.0,20.0,2.0,0.9571,1.7637
56.3,4,18.2162,18.2031,2.0,20.0,20.0,2.0,0.9288,1.7637
56.3,5,18.2162,21.7969,2.0,20.0,20.0,2.0,0.9288,1.7637
56.4,1,21.1225,20.0,2.0,20.0,20.0,2.0,0.0,1.7637
56.4,2,19.6834,17.2244,2.0,20.0,20.0,2.0,0.9571,1.7637
56.4,3,19.6834,22.7756,2.0,20.0,20.0,2.0,0.9571,1.7637
56.4,4,18.2162,18.2031,2.0,20.0,20.0,2.0,0.9288,1.7637
56.4,5,18.2162,21.7969,2.0,20.0,20.0,2.0,0.9288,1.7637
56.5,1,21.1225,20.0,2.0,20.0,20.0,2.0,0.0,1.7637
56.5,2,19.6834,17.2244,2.0,20.0,20.0,2.0,0.9571,1.7637
56.5,3,19.6834,22.7756,2.0,20.0,20.0,2.0,0.9571,1.7637
56.5,4,18.2162,18.2031,2.0,20.0,20.0,2.0,0.9288,1.7637
56.5,5,18.2162,21.7969,2.0,20.0,20.0,2.0,0.9288,1.7637
56.6,1,21.1225,20.0,2.0,20.0,20.0,2.0,0.0,1.7637
56.6,2,19.6834,17.2244,2.0,20.0,20.0,2.0,0.9571,1.7637
56.6,3,19.6834,22.7756,2.0,20.0,20.0,2.0,0.9571,1.7637
56.6,4,18.2162,18.2031,2.0,20.0,20.0,2.0,0.9288,1.7637
56.6,5,18.2162,21.7969,2.0,20.0,20.0,2.0,0.9288,1.7637
56.7,1,21.1225,20.0,2.0,20.0,20.0,2.0,0.0,1.7637
56.7,2,19.6834,17.2244,2.0,20.0,20.0,2.0,0.9571,1.7637
56.7,3,19.6834,22.7756,2.0,20.0,20.0,2.0,0.9571,1.7637
56.7,4,18.2162,18.2031,2.0,20.0,20.0,2.0,0.9288,1.7637
56.7,5,18.2162,21.7969,2.0,20.0,20.0,2.0,0.9288,1.7637
56.8,1,21.1225,20.0,2.0,20.0,20.0,2.0,0.0,1.7637
56.8,2,19.6834,17.2244,2.0,20.0,20.0,2.0,0.9571,1.7637
56.8,3,19.6834,22.7756,2.0,20.0,20.0,2.0,0.9571,1.7637
56.8,4,18.2162,18.2031,2.0,20.0,20.0,2.0,0.9288,1.7637
56.8,5,18.2162,21.7969,2.0,20.0,20.0,2.0,0.9288,1.7637
56.9,1,21.1225,20.0,2.0,20.0,20.0,2.0,0.0,1.7637
56.9,2,19.6834,17.2244,2.0,20.0,20.0,2.0,0.9571,1.7637
56.9,3,19.6834,22.7756,2.0,20.0,20.0,2.0,0.9571,1.7637
56.9,4,18.2162,18.2031,2.0,20.0,20.0,2.0,0.9288,1.7637
56.9,5,18.2162,21.7969,2.0,20.0,20.0,2.0,0.9288,1.7637
57.0,1,21.1225,20.0,2.0,20.0,20.0,2.0,0.0,1.7637
57.0,2,19.6834,17.2244,2.0,20.0,20.0,2.0,0.9571,1.7637
57.0,3,19.6834,22.7756,2.0,20.0,20.0,2.0,0.9571,1.7637
57.0,4,18.2162,18.2031,2.0,20.0,20.0,2.0,0.9288,1.7637
57.0,5,18.2162,21.7969,2.0,20.0,20.0,2.0,0.9288,1.7637
57.1,1,21.1225,20.0,2.0,20.0,20.0,2.0,0.0,1.7637
57.1,2,19.6834,17.2244,2.0,20.0,20.0,2.0,0.9571,1.7637
57.1,3,19.6834,22.7756,2.0,20.0,20.0,2.0,0.9571,1.7637
57.1,4,18.2162,18.2031,2.0,20.0,20.0,2.0,0.9288,1.7637
57.1,5,18.2162,21.7969,2.0,20.0,20.0,2.0,0.9288,1.7637
57.2,1,21.1225,20.0,2.0,20.0,20.0,2.0,0.0,1.7637
57.2,2,19.6834,17.2244,2.0,20.0,20.0,2.0,0.9571,1.7637
57.2,3,19.6834,22.7756,2.0,20.0,20.0,2.0,0.9571,1.7637
57.2,4,18.2162,18.2031,2.0,20.0,20.0,2.0,0.9288,1.7637
57.2,5,18.2162,21.7969,2.0,20.0,20.0,2.0,0.9288,1.7637
57.3,1,21.1225,20.0,2.0,20.0,20.0,2.0,0.0,1.7637
57.3,2,19.6834,17.2244,2.0,20.0,20.0,2.0,0.9571,1.7637
57.3,3,19.6834,22.7756,2.0,20.0,20.0,2.0,0.9571,1.7637
57.3,4,18.2162,18.2031,2.0,20.0,20.0,2.0,0.9288,1.7637
57.3,5,18.2162,21.7969,2.0,20.0,20.0,2.0,0.9288,1.7637
57.4,1,21.1225,20.0,2.0,20.0,20.0,2.0,0.0,1.7637
57.4,2,19.6834,17.2244,2.0,20.0,20.0,2.0,0.9571,1.7637
57.4,3,19.6834,22.7756,2.0,20.0,20.0,2.0,0.9571,1.7637
57.4,4,18.2162,18.2031,2.0,20.0,20.0,2.0,0.9288,1.7637
57.4,5,18.2162,21.7969,2.0,20.0,20.0,2.0,0.9288,1.7637
57.5,1,21.1225,20.0,2.0,20.0,20.0,2.0,0.0,1.7637
57.5,2,19.6834,17.2244,2.0,20.0,20.0,2.0,0.9571,1.7637
57.5,3,19.6834,22.7756,2.0,20.0,20.0,2.0,0.9571,1.7637
57.5,4,18.2162,18.2031,2.0,20.0,20.0,2.0,0.9288,1.7637
57.5,5,18.2162,21.7969,2.0,20.0,20.0,2.0,0.9288,1.7637
57.6,1,21.1225,20.0,2.0,20.0,20.0,2.0,0.0,1.7637
57.6,2,19.6834,17.2244,2.0,20.0,20.0,2.0,0.9571,1.7637
57.6,3,19.6834,22.7756,2.0,20.0,20.0,2.0,0.9571,1.7637
57.6,4,18.2162,18.2031,2.0,20.0,20.0,2.0,0.9288,1.7637
57.6,5,18.2162,21.7969,2.0,20.0,20.0,2.0,0.9288,1.7637
57.7,1,21.1225,20.0,2.0,20.0,20.0,2.0,0.0,1.7637
57.7,2,19.6834,17.2244,2.0,20.0,20.0,2.0,0.9571,1.7637
57.7,3,19.6834,22.7756,2.0,20.0,20.0,2.0,0.9571,1.7637
57.7,4,18.2162,18.2031,2.0,20.0,20.0,2.0,0.9288,1.7637
57.7,5,18.2162,21.7969,2.0,20.0,20.0,2.0,0.9288,1.7637
57.8,1,21.1225,20.0,2.0,20.0,20.0,2.0,0.0,1.7637
57.8,2,19.6834,17.2244,2.0,20.0,20.0,2.0,0.9571,1.7637
57.8,3,19.6834,22.7756,2.0,20.0,20.0,2.0,0.9571,1.7637
57.8,4,18.2162,18.2031,2.0,20.0,20.0,2.0,0.9288,1.7637
57.8,5,18.2162,21.7969,2.0,20.0,20.0,2.0,0.9288,1.7637
57.9,1,21.1225,20.0,2.0,20.0,20.0,2.0,0.0,1.7637
57.9,2,19.6834,17.2244,2.0,20.0,20.0,2.0,0.9571,1.7637
57.9,3,19.6834,22.7756,2.0,20.0,20.0,2.0,0.9571,1.7637
57.9,4,18.2162,18.2031,2.0,20.0,20.0,2.0,0.9288,1.7637
57.9,5,18.2162,21.7969,2.0,20.0,20.0,2.0,0.9288,1.7637
58.0,1,21.1225,20.0,2.0,20.0,20.0,2.0,0.0,1.7637
58.0,2,19.6834,17.2244,2.0,20.0,20.0,2.0,0.9571,1.7637
58.0,3,19.6834,22.7756,2.0,20.0,20.0,2.0,0.9571,1.7637
58.0,4,18.2162,18.2031,2.0,20.0,20.0,2.0,0.9288,1.7637
58.0,5,18.2162,21.7969,2.0,20.0,20.0,2.0,0.9288,1.7637
58.1,1,21.1225,20.0,2.0,20.0,20.0,2.0,0.0,1.7637
58.1,2,19.6834,17.2244,2.0,20.0,20.0,2.0,0.9571,1.7637
58.1,3,19.6834,22.7756,2.0,20.0,20.0,2.0,0.9571,1.7637
58.1,4,18.2162,18.2031,2.0,20.0,20.0,2.0,0.9288,1.7637
58.1,5,18.2162,21.7969,2.0,20.0,20.0,2.0,0.9288,1.7637
58.2,1,21.1225,20.0,2.0,20.0,20.0,2.0,0.0,1.7637
58.2,2,19.6834,17.2244,2.0,20.0,20.0,2.0,0.9571,1.7637
58.2,3,19.6834,22.7756,2.0,20.0,20.0,2.0,0.9571,1.7637
58.2,4,18.2162,18.2031,2.0,20.0,20.0,2.0,0.9288,1.7637
58.2,5,18.2162,21.7969,2.0,20.0,20.0,2.0,0.9288,1.7637
58.3,1,21.1225,20.0,2.0,20.0,20.0,2.0,0.0,1.7637
58.3,2,19.6834,17.2244,2.0,20.0,20.0,2.0,0.9571,1.7637
58.3,3,19.6834,22.7756,2.0,20.0,20.0,2.0,0.9571,1.7637
58.3,4,18.2162,18.2031,2.0,20.0,20.0,2.0,0.9288,1.7637
58.3,5,18.2162,21.7969,2.0,20.0,20.0,2.0,0.9288,1.7637
58.4,1,21.1225,20.0,2.0,20.0,20.0,2.0,0.0,1.7637
58.4,2,19.6834,17.2244,2.0,20.0,20.0,2.0,0.9571,1.7637
58.4,3,19.6834,22.7756,2.0,20.0,20.0,2.0,0.9571,1.7637
58.4,4,18.2162,18.2031,2.0,20.0,20.0,2.0,0.9288,1.7637
58.4,5,18.2162,21.7969,2.0,20.0,20.0,2.0,0.9288,1.7637
58.5,1,21.1225,20.0,2.0,20.0,20.0,2.0,0.0,1.7637
58.5,2,19.6834,17.2244,2.0,20.0,20.0,2.0,0.9571,1.7637
58.5,3,19.6834,22.7756,2.0,20.0,20.0,2.0,0.9571,1.7637
58.5,4,18.2162,18.2031,2.0,20.0,20.0,2.0,0.9288,1.7637
58.5,5,18.2162,21.7969,2.0,20.0,20.0,2.0,0.9288,1.7637
58.6,1,21.1225,20.0,2.0,20.0,20.0,2.0,0.0,1.7637
58.6,2,19.6834,17.2244,2.0,20.0,20.0,2.0,0.9571,1.7637
58.6,3,19.6834,22.7756,2.0,20.0,20.0,2.0,0.9571,1.7637
58.6,4,18.2162,18.2031,2.0,20.0,20.0,2.0,0.9288,1.7637
58.6,5,18.2162,21.7969,2.0,20.0,20.0,2.0,0.9288,1.7637
58.7,1,21.1225,20.0,2.0,20.0,20.0,2.0,0.0,1.7637
58.7,2,19.6834,17.2244,2.0,20.0,20.0,2.0,0.9571,1.7637
58.7,3,19.6834,22.7756,2.0,20.0,20.0,2.0,0.9571,1.7637
58.7,4,18.2162,18.2031,2.0,20.0,20.0,2.0,0.9288,1.7637
58.7,5,18.2162,21.7969,2.0,20.0,20.0,2.0,0.9288,1.7637
58.8,1,21.1225,20.0,2.0,20.0,20.0,2.0,0.0,1.7637
58.8,2,19.6834,17.2244,2.0,20.0,20.0,2.0,0.9571,1.7637
58.8,3,19.6834,22.7756,2.0,20.0,20.0,2.0,0.9571,1.7637
58.8,4,18.2162,18.2031,2.0,20.0,20.0,2.0,0.9288,1.7637
58.8,5,18.2162,21.7969,2.0,20.0,20.0,2.0,0.9288,1.7637
58.9,1,21.1225,20.0,2.0,20.0,20.0,2.0,0.0,1.7637
58.9,2,19.6834,17.2244,2.0,20.0,20.0,2.0,0.9571,1.7637
58.9,3,19.6834,22.7756,2.0,20.0,20.0,2.0,0.9571,1.7637
58.9,4,18.2162,18.2031,2.0,20.0,20.0,2.0,0.9288,1.7637
58.9,5,18.2162,21.7969,2.0,20.0,20.0,2.0,0.9288,1.7637
59.0,1,21.1225,20.0,2.0,20.0,20.0,2.0,0.0,1.7637
59.0,2,19.6834,17.2244,2.0,20.0,20.0,2.0,0.9571,1.7637
59.0,3,19.6834,22.7756,2.0,20.0,20.0,2.0,0.9571,1.7637
59.0,4,18.2162,18.2031,2.0,20.0,20.0,2.0,0.9288,1.7637
59.0,5,18.2162,21.7969,2.0,20.0,20.0,2.0,0.9288,1.7637
59.1,1,21.1225,20.0,2.0,20.0,20.0,2.0,0.0,1.7637
59.1,2,19.6834,17.2244,2.0,20.0,20.0,2.0,0.9571,1.7637
59.1,3,19.6834,22.7756,2.0,20.0,20.0,2.0,0.9571,1.7637
59.1,4,18.2162,18.2031,2.0,20.0,20.0,2.0,0.9288,1.7637
59.1,5,18.2162,21.7969,2.0,20.0,20.0,2.0,0.9288,1.7637
59.2,1,21.1225,20.0,2.0,20.0,20.0,2.0,0.0,1.7637
59.2,2,19.6834,17.2244,2.0,20.0,20.0,2.0,0.9571,1.7637
59.2,3,19.6834,22.7756,2.0,20.0,20.0,2.0,0.9571,1.7637
59.2,4,18.2162,18.2031,2.0,20.0,20.0,2.0,0.9288,1.7637
59.2,5,18.2162,21.7969,2.0,20.0,20.0,2.0,0.9288,1.7637
59.3,1,21.1225,20.0,2.0,20.0,20.0,2.0,0.0,1.7637
59.3,2,19.6834,17.2244,2.0,20.0,20.0,2.0,0.9571,1.7637
59.3,3,19.6834,22.7756,2.0,20.0,20.0,2.0,0.9571,1.7637
59.3,4,18.2162,18.2031,2.0,20.0,20.0,2.0,0.9288,1.7637
59.3,5,18.2162,21.7969,2.0,20.0,20.0,2.0,0.9288,1.7637
59.4,1,21.1225,20.0,2.0,20.0,20.0,2.0,0.0,1.7637
59.4,2,19.6834,17.2244,2.0,20.0,20.0,2.0,0.9571,1.7637
59.4,3,19.6834,22.7756,2.0,20.0,20.0,2.0,0.9571,1.7637
59.4,4,18.2162,18.2031,2.0,20.0,20.0,2.0,0.9288,1.7637
59.4,5,18.2162,21.7969,2.0,20.0,20.0,2.0,0.9288,1.7637
59.5,1,21.1225,20.0,2.0,20.0,20.0,2.0,0.0,1.7637
59.5,2,19.6834,17.2244,2.0,20.0,20.0,2.0,0.9571,1.7637
59.5,3,19.6834,22.7756,2.0,20.0,20.0,2.0,0.9571,1.7637
59.5,4,18.2162,18.2031,2.0,20.0,20.0,2.0,0.9288,1.7637
59.5,5,18.2162,21.7969,2.0,20.0,20.0,2.0,0.9288,1.7637
59.6,1,21.1225,20.0,2.0,20.0,20.0,2.0,0.0,1.7637
59.6,2,19.6834,17.2244,2.0,20.0,20.0,2.0,0.9571,1.7637
59.6,3,19.6834,22.7756,2.0,20.0,20.0,2.0,0.9571,1.7637
59.6,4,18.2162,18.2031,2.0,20.0,20.0,2.0,0.9288,1.7637
59.6,5,18.2162,21.7969,2.0,20.0,20.0,2.0,0.9288,1.7637
59.7,1,21.1225,20.0,2.0,20.0,20.0,2.0,0.0,1.7637
59.7,2,19.6834,17.2244,2.0,20.0,20.0,2.0,0.9571,1.7637
59.7,3,19.6834,22.7756,2.0,20.0,20.0,2.0,0.9571,1.7637
59.7,4,18.2162,18.2031,2.0,20.0,20.0,2.0,0.9288,1.7637
59.7,5,18.2162,21.7969,2.0,20.0,20.0,2.0,0.9288,1.7637
59.8,1,21.1225,20.0,2.0,20.0,20.0,2.0,0.0,1.7637
59.8,2,19.6834,17.2244,2.0,20.0,20.0,2.0,0.9571,1.7637
59.8,3,19.6834,22.7756,2.0,20.0,20.0,2.0,0.9571,1.7637
59.8,4,18.2162,18.2031,2.0,20.0,20.0,2.0,0.9288,1.7637
59.8,5,18.2162,21.7969,2.0,20.0,20.0,2.0,0.9288,1.7637
59.9,1,21.1225,20.0,2.0,20.0,20.0,2.0,0.0,1.7637
59.9,2,19.6834,17.2244,2.0,20.0,20.0,2.0,0.9571,1.7637
59.9,3,19.6834,22.7756,2.0,20.0,20.0,2.0,0.9571,1.7637
59.9,4,18.2162,18.2031,2.0,20.0,20.0,2.0,0.9288,1.7637
59.9,5,18.2162,21.7969,2.0,20.0,20.0,2.0,0.9288,1.7637
60.0,1,21.1225,20.0,2.0,20.0,20.0,2.0,0.0,1.7637
60.0,2,19.6834,17.2244,2.0,20.0,20.0,2.0,0.9571,1.7637
60.0,3,19.6834,22.7756,2.0,20.0,20.0,2.0,0.9571,1.7637
60.0,4,18.2162,18.2031,2.0,20.0,20.0,2.0,0.9288,1.7637
60.0,5,18.2162,21.7969,2.0,20.0,20.0,2.0,0.9288,1.7637
60.1,1,21.1225,20.0,2.0,20.0,20.0,2.0,0.0,1.7637
60.1,2,19.6834,17.2244,2.0,20.0,20.0,2.0,0.9571,1.7637
60.1,3,19.6834,22.7756,2.0,20.0,20.0,2.0,0.9571,1.7637
60.1,4,18.2162,18.2031,2.0,20.0,20.0,2.0,0.9288,1.7637
60.1,5,18.2162,21.7969,2.0,20.0,20.0,2.0,0.9288,1.7637
60.2,1,21.1225,20.0,2.0,20.0,20.0,2.0,0.0,1.7637
60.2,2,19.6834,17.2244,2.0,20.0,20.0,2.0,0.9571,1.7637
60.2,3,19.6834,22.7756,2.0,20.0,20.0,2.0,0.9571,1.7637
60.2,4,18.2162,18.2031,2.0,20.0,20.0,2.0,0.9288,1.7637
60.2,5,18.2162,21.7969,2.0,20.0,20.0,2.0,0.9288,1.7637
60.3,1,21.1225,20.0,2.0,20.0,20.0,2.0,0.0,1.7637
60.3,2,19.6834,17.2244,2.0,20.0,20.0,2.0,0.9571,1.7637
60.3,3,19.6834,22.7756,2.0,20.0,20.0,2.0,0.9571,1.7637
60.3,4,18.2162,18.2031,2.0,20.0,20.0,2.0,0.9288,1.7637
60.3,5,18.2162,21.7969,2.0,20.0,20.0,2.0,0.9288,1.7637
60.4,1,21.1225,20.0,2.0,20.0,20.0,2.0,0.0,1.7637
60.4,2,19.6834,17.2244,2.0,20.0,20.0,2.0,0.9571,1.7637
60.4,3,19.6834,22.7756,2.0,20.0,20.0,2.0,0.9571,1.7637
60.4,4,18.2162,18.2031,2.0,20.0,20.0,2.0,0.9288,1.7637
60.4,5,18.2162,21.7969,2.0,20.0,20.0,2.0,0.9288,1.7637
60.5,1,21.1225,20.0,2.0,20.0,20.0,2.0,0.0,1.7637
60.5,2,19.6834,17.2244,2.0,20.0,20.0,2.0,0.9571,1.7637
60.5,3,19.6834,22.7756,2.0,20.0,20.0,2.0,0.9571,1.7637
60.5,4,18.2162,18.2031,2.0,20.0,20.0,2.0,0.9288,1.7637
60.5,5,18.2162,21.7969,2.0,20.0,20.0,2.0,0.9288,1.7637
60.6,1,21.1225,20.0,2.0,20.0,20.0,2.0,0.0,1.7637
60.6,2,19.6834,17.2244,2.0,20.0,20.0,2.0,0.9571,1.7637
60.6,3,19.6834,22.7756,2.0,20.0,20.0,2.0,0.9571,1.7637
60.6,4,18.2162,18.2031,2.0,20.0,20.0,2.0,0.9288,1.7637
60.6,5,18.2162,21.7969,2.0,20.0,20.0,2.0,0.9288,1.7637
60.7,1,21.1225,20.0,2.0,20.0,20.0,2.0,0.0,1.7637
60.7,2,19.6834,17.2244,2.0,20.0,20.0,2.0,0.9571,1.7637
60.7,3,19.6834,22.7756,2.0,20.0,20.0,2.0,0.9571,1.7637
60.7,4,18.2162,18.2031,2.0,20.0,20.0,2.0,0.9288,1.7637
60.7,5,18.2162,21.7969,2.0,20.0,20.0,2.0,0.9288,1.7637
60.8,1,21.1225,20.0,2.0,20.0,20.0,2.0,0.0,1.7637
60.8,2,19.6834,17.2244,2.0,20.0,20.0,2.0,0.9571,1.7637
60.8,3,19.6834,22.7756,2.0,20.0,20.0,2.0,0.9571,1.7637
60.8,4,18.2162,18.2031,2.0,20.0,20.0,2.0,0.9288,1.7637
60.8,5,18.2162,21.7969,2.0,20.0,20.0,2.0,0.9288,1.7637
60.9,1,21.1225,20.0,2.0,20.0,20.0,2.0,0.0,1.7637
60.9,2,19.6834,17.2244,2.0,20.0,20.0,2.0,0.9571,1.7637
60.9,3,19.6834,22.7756,2.0,20.0,20.0,2.0,0.9571,1.7637
60.9,4,18.2162,18.2031,2.0,20.0,20.0,2.0,0.9288,1.7637
60.9,5,18.2162,21.7969,2.0,20.0,20.0,2.0,0.9288,1.7637
61.0,1,21.1225,20.0,2.0,20.0,20.0,2.0,0.0,1.7637
61.0,2,19.6834,17.2244,2.0,20.0,20.0,2.0,0.9571,1.7637
61.0,3,19.6834,22.7756,2.0,20.0,20.0,2.0,0.9571,1.7637
61.0,4,18.2162,18.2031,2.0,20.0,20.0,2.0,0.9288,1.7637
61.0,5,18.2162,21.7969,2.0,20.0,20.0,2.0,0.9288,1.7637
61.1,1,21.1225,20.0,2.0,20.0,20.0,2.0,0.0,1.7637
61.1,2,19.6834,17.2244,2.0,20.0,20.0,2.0,0.9571,1.7637
61.1,3,19.6834,22.7756,2.0,20.0,20.0,2.0,0.9571,1.7637
61.1,4,18.2162,18.2031,2.0,20.0,20.0,2.0,0.9288,1.7637
61.1,5,18.2162,21.7969,2.0,20.0,20.0,2.0,0.9288,1.7637
61.2,1,21.1225,20.0,2.0,20.0,20.0,2.0,0.0,1.7637
61.2,2,19.6834,17.2244,2.0,20.0,20.0,2.0,0.9571,1.7637
61.2,3,19.6834,22.7756,2.0,20.0,20.0,2.0,0.9571,1.7637
61.2,4,18.2162,18.2031,2.0,20.0,20.0,2.0,0.9288,1.7637
61.2,5,18.2162,21.7969,2.0,20.0,20.0,2.0,0.9288,1.7637
61.3,1,21.1225,20.0,2.0,20.0,20.0,2.0,0.0,1.7637
61.3,2,19.6834,17.2244,2.0,20.0,20.0,2.0,0.9571,1.7637
61.3,3,19.6834,22.7756,2.0,20.0,20.0,2.0,0.9571,1.7637
61.3,4,18.2162,18.2031,2.0,20.0,20.0,2.0,0.9288,1.7637
61.3,5,18.2162,21.7969,2.0,20.0,20.0,2.0,0.9288,1.7637
61.4,1,21.1225,20.0,2.0,20.0,20.0,2.0,0.0,1.7637
61.4,2,19.6834,17.2244,2.0,20.0,20.0,2.0,0.9571,1.7637
61.4,3,19.6834,22.7756,2.0,20.0,20.0,2.0,0.9571,1.7637
61.4,4,18.2162,18.2031,2.0,20.0,20.0,2.0,0.9288,1.7637
61.4,5,18.2162,21.7969,2.0,20.0,20.0,2.0,0.9288,1.7637
61.5,1,21.1225,20.0,2.0,20.0,20.0,2.0,0.0,1.7637
61.5,2,19.6834,17.2244,2.0,20.0,20.0,2.0,0.9571,1.7637
61.5,3,19.6834,22.7756,2.0,20.0,20.0,2.0,0.9571,1.7637
61.5,4,18.2162,18.2031,2.0,20.0,20.0,2.0,0.9288,1.7637
61.5,5,18.2162,21.7969,2.0,20.0,20.0,2.0,0.9288,1.7637
61.6,1,21.1225,20.0,2.0,20.0,20.0,2.0,0.0,1.7637
61.6,2,19.6834,17.2244,2.0,20.0,20.0,2.0,0.9571,1.7637
61.6,3,19.6834,22.7756,2.0,20.0,20.0,2.0,0.9571,1.7637
61.6,4,18.2162,18.2031,2.0,20.0,20.0,2.0,0.9288,1.7637
61.6,5,18.2162,21.7969,2.0,20.0,20.0,2.0,0.9288,1.7637
61.7,1,21.1225,20.0,2.0,20.0,20.0,2.0,0.0,1.7637
61.7,2,19.6834,17.2244,2.0,20.0,20.0,2.0,0.9571,1.7637
61.7,3,19.6834,22.7756,2.0,20.0,20.0,2.0,0.9571,1.7637
61.7,4,18.2162,18.2031,2.0,20.0,20.0,2.0,0.9288,1.7637
61.7,5,18.2162,21.7969,2.0,20.0,20.0,2.0,0.9288,1.7637
61.8,1,21.1225,20.0,2.0,20.0,20.0,2.0,0.0,1.7637
61.8,2,19.6834,17.2244,2.0,20.0,20.0,2.0,0.9571,1.7637
61.8,3,19.6834,22.7756,2.0,20.0,20.0,2.0,0.9571,1.7637
61.8,4,18.2162,18.2031,2.0,20.0,20.0,2.0,0.9288,1.7637
61.8,5,18.2162,21.7969,2.0,20.0,20.0,2.0,0.9288,1.7637
61.9,1,21.1225,20.0,2.0,20.0,20.0,2.0,0.0,1.7637
61.9,2,19.6834,17.2244,2.0,20.0,20.0,2.0,0.9571,1.7637
61.9,3,19.6834,22.7756,2.0,20.0,20.0,2.0,0.9571,1.7637
61.9,4,18.2162,18.2031,2.0,20.0,20.0,2.0,0.9288,1.7637
61.9,5,18.2162,21.7969,2.0,20.0,20.0,2.0,0.9288,1.7637
62.0,1,21.1225,20.0,2.0,20.0,20.0,2.0,0.0,1.7637
62.0,2,19.6834,17.2244,2.0,20.0,20.0,2.0,0.9571,1.7637
62.0,3,19.6834,22.7756,2.0,20.0,20.0,2.0,0.9571,1.7637
62.0,4,18.2162,18.2031,2.0,20.0,20.0,2.0,0.9288,1.7637
62.0,5,18.2162,21.7969,2.0,20.0,20.0,2.0,0.9288,1.7637
62.1,1,21.1225,20.0,2.0,20.0,20.0,2.0,0.0,1.7637
62.1,2,19.6834,17.2244,2.0,20.0,20.0,2.0,0.9571,1.7637
62.1,3,19.6834,22.7756,2.0,20.0,20.0,2.0,0.9571,1.7637
62.1,4,18.2162,18.2031,2.0,20.0,20.0,2.0,0.9288,1.7637
62.1,5,18.2162,21.7969,2.0,20.0,20.0,2.0,0.9288,1.7637
62.2,1,21.1225,20.0,2.0,20.0,20.0,2.0,0.0,1.7637
62.2,2,19.6834,17.2244,2.0,20.0,20.0,2.0,0.9571,1.7637
62.2,3,19.6834,22.7756,2.0,20.0,20.0,2.0,0.9571,1.7637
62.2,4,18.2162,18.2031,2.0,20.0,20.0,2.0,0.9288,1.7637
62.2,5,18.2162,21.7969,2.0,20.0,20.0,2.0,0.9288,1.7637
62.3,1,21.1225,20.0,2.0,20.0,20.0,2.0,0.0,1.7637
62.3,2,19.6834,17.2244,2.0,20.0,20.0,2.0,0.9571,1.7637
62.3,3,19.6834,22.7756,2.0,20.0,20.0,2.0,0.9571,1.7637
62.3,4,18.2162,18.2031,2.0,20.0,20.0,2.0,0.9288,1.7637
62.3,5,18.2162,21.7969,2.0,20.0,20.0,2.0,0.9288,1.7637
62.4,1,21.1225,20.0,2.0,20.0,20.0,2.0,0.0,1.7637
62.4,2,19.6834,17.2244,2.0,20.0,20.0,2.0,0.9571,1.7637
62.4,3,19.6834,22.7756,2.0,20.0,20.0,2.0,0.9571,1.7637
62.4,4,18.2162,18.2031,2.0,20.0,20.0,2.0,0.9288,1.7637
62.4,5,18.2162,21.7969,2.0,20.0,20.0,2.0,0.9288,1.7637
62.5,1,21.1225,20.0,2.0,20.0,20.0,2.0,0.0,1.7637
62.5,2,19.6834,17.2244,2.0,20.0,20.0,2.0,0.9571,1.7637
62.5,3,19.6834,22.7756,2.0,20.0,20.0,2.0,0.9571,1.7637
62.5,4,18.2162,18.2031,2.0,20.0,20.0,2.0,0.9288,1.7637
62.5,5,18.2162,21.7969,2.0,20.0,20.0,2.0,0.9288,1.7637
62.6,1,21.1225,20.0,2.0,20.0,20.0,2.0,0.0,1.7637
62.6,2,19.6834,17.2244,2.0,20.0,20.0,2.0,0.9571,1.7637
62.6,3,19.6834,22.7756,2.0,20.0,20.0,2.0,0.9571,1.7637
62.6,4,18.2162,18.2031,2.0,20.0,20.0,2.0,0.9288,1.7637
62.6,5,18.2162,21.7969,2.0,20.0,20.0,2.0,0.9288,1.7637
62.7,1,21.1225,20.0,2.0,20.0,20.0,2.0,0.0,1.7637
62.7,2,19.6834,17.2244,2.0,20.0,20.0,2.0,0.9571,1.7637
62.7,3,19.6834,22.7756,2.0,20.0,20.0,2.0,0.9571,1.7637
62.7,4,18.2162,18.2031,2.0,20.0,20.0,2.0,0.9288,1.7637
62.7,5,18.2162,21.7969,2.0,20.0,20.0,2.0,0.9288,1.7637
62.8,1,21.1225,20.0,2.0,20.0,20.0,2.0,0.0,1.7637
62.8,2,19.6834,17.2244,2.0,20.0,20.0,2.0,0.9571,1.7637
62.8,3,19.6834,22.7756,2.0,20.0,20.0,2.0,0.9571,1.7637
62.8,4,18.2162,18.2031,2.0,20.0,20.0,2.0,0.9288,1.7637
62.8,5,18.2162,21.7969,2.0,20.0,20.0,2.0,0.9288,1.7637
62.9,1,21.1225,20.0,2.0,20.0,20.0,2.0,0.0,1.7637
62.9,2,19.6834,17.2244,2.0,20.0,20.0,2.0,0.9571,1.7637
62.9,3,19.6834,22.7756,2.0,20.0,20.0,2.0,0.9571,1.7637
62.9,4,18.2162,18.2031,2.0,20.0,20.0,2.0,0.9288,1.7637
62.9,5,18.2162,21.7969,2.0,20.0,20.0,2.0,0.9288,1.7637
63.0,1,21.1225,20.0,2.0,20.0,20.0,2.0,0.0,1.7637
63.0,2,19.6834,17.2244,2.0,20.0,20.0,2.0,0.9571,1.7637
63.0,3,19.6834,22.7756,2.0,20.0,20.0,2.0,0.9571,1.7637
63.0,4,18.2162,18.2031,2.0,20.0,20.0,2.0,0.9288,1.7637
63.0,5,18.2162,21.7969,2.0,20.0,20.0,2.0,0.9288,1.7637
63.1,1,21.1225,20.0,2.0,20.0,20.0,2.0,0.0,1.7637
63.1,2,19.6834,17.2244,2.0,20.0,20.0,2.0,0.9571,1.7637
63.1,3,19.6834,22.7756,2.0,20.0,20.0,2.0,0.9571,1.7637
63.1,4,18.2162,18.2031,2.0,20.0,20.0,2.0,0.9288,1.7637
63.1,5,18.2162,21.7969,2.0,20.0,20.0,2.0,0.9288,1.7637
63.2,1,21.1225,20.0,2.0,20.0,20.0,2.0,0.0,1.7637
63.2,2,19.6834,17.2244,2.0,20.0,20.0,2.0,0.9571,1.7637
63.2,3,19.6834,22.7756,2.0,20.0,20.0,2.0,0.9571,1.7637
63.2,4,18.2162,18.2031,2.0,20.0,20.0,2.0,0.9288,1.7637
63.2,5,18.2162,21.7969,2.0,20.0,20.0,2.0,0.9288,1.7637
63.3,1,21.1225,20.0,2.0,20.0,20.0,2.0,0.0,1.7637
63.3,2,19.6834,17.2244,2.0,20.0,20.0,2.0,0.9571,1.7637
63.3,3,19.6834,22.7756,2.0,20.0,20.0,2.0,0.9571,1.7637
63.3,4,18.2162,18.2031,2.0,20.0,20.0,2.0,0.9288,1.7637
63.3,5,18.2162,21.7969,2.0,20.0,20.0,2.0,0.9288,1.7637
63.4,1,21.1225,20.0,2.0,20.0,20.0,2.0,0.0,1.7637
63.4,2,19.6834,17.2244,2.0,20.0,20.0,2.0,0.9571,1.7637
63.4,3,19.6834,22.7756,2.0,20.0,20.0,2.0,0.9571,1.7637
63.4,4,18.2162,18.2031,2.0,20.0,20.0,2.0,0.9288,1.7637
63.4,5,18.2162,21.7969,2.0,20.0,20.0,2.0,0.9288,1.7637
63.5,1,21.1225,20.0,2.0,20.0,20.0,2.0,0.0,1.7637
63.5,2,19.6834,17.2244,2.0,20.0,20.0,2.0,0.9571,1.7637
63.5,3,19.6834,22.7756,2.0,20.0,20.0,2.0,0.9571,1.7637
63.5,4,18.2162,18.2031,2.0,20.0,20.0,2.0,0.9288,1.7637
63.5,5,18.2162,21.7969,2.0,20.0,20.0,2.0,0.9288,1.7637
63.6,1,21.1225,20.0,2.0,20.0,20.0,2.0,0.0,1.7637
63.6,2,19.6834,17.2244,2.0,20.0,20.0,2.0,0.9571,1.7637
63.6,3,19.6834,22.7756,2.0,20.0,20.0,2.0,0.9571,1.7637
63.6,4,18.2162,18.2031,2.0,20.0,20.0,2.0,0.9288,1.7637
63.6,5,18.2162,21.7969,2.0,20.0,20.0,2.0,0.9288,1.7637
63.7,1,21.1225,20.0,2.0,20.0,20.0,2.0,0.0,1.7637
63.7,2,19.6834,17.2244,2.0,20.0,20.0,2.0,0.9571,1.7637
63.7,3,19.6834,22.7756,2.0,20.0,20.0,2.0,0.9571,1.7637
63.7,4,18.2162,18.2031,2.0,20.0,20.0,2.0,0.9288,1.7637
63.7,5,18.2162,21.7969,2.0,20.0,20.0,2.0,0.9288,1.7637
63.8,1,21.1225,20.0,2.0,20.0,20.0,2.0,0.0,1.7637
63.8,2,19.6834,17.2244,2.0,20.0,20.0,2.0,0.9571,1.7637
63.8,3,19.6834,22.7756,2.0,20.0,20.0,2.0,0.9571,1.7637
63.8,4,18.2162,18.2031,2.0,20.0,20.0,2.0,0.9288,1.7637
63.8,5,18.2162,21.7969,2.0,20.0,20.0,2.0,0.9288,1.7637
63.9,1,21.1225,20.0,2.0,20.0,20.0,2.0,0.0,1.7637
63.9,2,19.6834,17.2244,2.0,20.0,20.0,2.0,0.9571,1.7637
63.9,3,19.6834,22.7756,2.0,20.0,20.0,2.0,0.9571,1.7637
63.9,4,18.2162,18.2031,2.0,20.0,20.0,2.0,0.9288,1.7637
63.9,5,18.2162,21.7969,2.0,20.0,20.0,2.0,0.9288,1.7637
64.0,1,21.1225,20.0,2.0,20.0,20.0,2.0,0.0,1.7637
64.0,2,19.6834,17.2244,2.0,20.0,20.0,2.0,0.9571,1.7637
64.0,3,19.6834,22.7756,2.0,20.0,20.0,2.0,0.9571,1.7637
64.0,4,18.2162,18.2031,2.0,20.0,20.0,2.0,0.9288,1.7637
64.0,5,18.2162,21.7969,2.0,20.0,20.0,2.0,0.9288,1.7637
64.1,1,21.1225,20.0,2.0,20.0,20.0,2.0,0.0,1.7637
64.1,2,19.6834,17.2244,2.0,20.0,20.0,2.0,0.9571,1.7637
64.1,3,19.6834,22.7756,2.0,20.0,20.0,2.0,0.9571,1.7637
64.1,4,18.2162,18.2031,2.0,20.0,20.0,2.0,0.9288,1.7637
64.1,5,18.2162,21.7969,2.0,20.0,20.0,2.0,0.9288,1.7637
64.2,1,21.1225,20.0,2.0,20.0,20.0,2.0,0.0,1.7637
64.2,2,19.6834,17.2244,2.0,20.0,20.0,2.0,0.9571,1.7637
64.2,3,19.6834,22.7756,2.0,20.0,20.0,2.0,0.9571,1.7637
64.2,4,18.2162,18.2031,2.0,20.0,20.0,2.0,0.9288,1.7637
64.2,5,18.2162,21.7969,2.0,20.0,20.0,2.0,0.9288,1.7637
64.3,1,21.1225,20.0,2.0,20.0,20.0,2.0,0.0,1.7637
64.3,2,19.6834,17.2244,2.0,20.0,20.0,2.0,0.9571,1.7637
64.3,3,19.6834,22.7756,2.0,20.0,20.0,2.0,0.9571,1.7637
64.3,4,18.2162,18.2031,2.0,20.0,20.0,2.0,0.9288,1.7637
64.3,5,18.2162,21.7969,2.0,20.0,20.0,2.0,0.9288,1.7637
64.4,1,21.1225,20.0,2.0,20.0,20.0,2.0,0.0,1.7637
64.4,2,19.6834,17.2244,2.0,20.0,20.0,2.0,0.9571,1.7637
64.4,3,19.6834,22.7756,2.0,20.0,20.0,2.0,0.9571,1.7637
64.4,4,18.2162,18.2031,2.0,20.0,20.0,2.0,0.9288,1.7637
64.4,5,18.2162,21.7969,2.0,20.0,20.0,2.0,0.9288,1.7637
64.5,1,21.1225,20.0,2.0,20.0,20.0,2.0,0.0,1.7637
64.5,2,19.6834,17.2244,2.0,20.0,20.0,2.0,0.9571,1.7637
64.5,3,19.6834,22.7756,2.0,20.0,20.0,2.0,0.9571,1.7637
64.5,4,18.2162,18.2031,2.0,20.0,20.0,2.0,0.9288,1.7637
64.5,5,18.2162,21.7969,2.0,20.0,20.0,2.0,0.9288,1.7637
64.6,1,21.1225,20.0,2.0,20.0,20.0,2.0,0.0,1.7637
64.6,2,19.6834,17.2244,2.0,20.0,20.0,2.0,0.9571,1.7637
64.6,3,19.6834,22.7756,2.0,20.0,20.0,2.0,0.9571,1.7637
64.6,4,18.2162,18.2031,2.0,20.0,20.0,2.0,0.9288,1.7637
64.6,5,18.2162,21.7969,2.0,20.0,20.0,2.0,0.9288,1.7637
64.7,1,21.1225,20.0,2.0,20.0,20.0,2.0,0.0,1.7637
64.7,2,19.6834,17.2244,2.0,20.0,20.0,2.0,0.9571,1.7637
64.7,3,19.6834,22.7756,2.0,20.0,20.0,2.0,0.9571,1.7637
64.7,4,18.2162,18.2031,2.0,20.0,20.0,2.0,0.9288,1.7637
64.7,5,18.2162,21.7969,2.0,20.0,20.0,2.0,0.9288,1.7637
64.8,1,21.1225,20.0,2.0,20.0,20.0,2.0,0.0,1.7637
64.8,2,19.6834,17.2244,2.0,20.0,20.0,2.0,0.9571,1.7637
64.8,3,19.6834,22.7756,2.0,20.0,20.0,2.0,0.9571,1.7637
64.8,4,18.2162,18.2031,2.0,20.0,20.0,2.0,0.9288,1.7637
64.8,5,18.2162,21.7969,2.0,20.0,20.0,2.0,0.9288,1.7637
64.9,1,21.1225,20.0,2.0,20.0,20.0,2.0,0.0,1.7637
64.9,2,19.6834,17.2244,2.0,20.0,20.0,2.0,0.9571,1.7637
64.9,3,19.6834,22.7756,2.0,20.0,20.0,2.0,0.9571,1.7637
64.9,4,18.2162,18.2031,2.0,20.0,20.0,2.0,0.9288,1.7637
64.9,5,18.2162,21.7969,2.0,20.0,20.0,2.0,0.9288,1.7637
65.0,1,21.1225,20.0,2.0,20.0,20.0,2.0,0.0,1.7637
65.0,2,19.6834,17.2244,2.0,20.0,20.0,2.0,0.9571,1.7637
65.0,3,19.6834,22.7756,2.0,20.0,20.0,2.0,0.9571,1.7637
65.0,4,18.2162,18.2031,2.0,20.0,20.0,2.0,0.9288,1.7637
65.0,5,18.2162,21.7969,2.0,20.0,20.0,2.0,0.9288,1.7637
65.1,1,21.1225,20.0,2.0,20.0,20.0,2.0,0.0,1.7637
65.1,2,19.6834,17.2244,2.0,20.0,20.0,2.0,0.9571,1.7637
65.1,3,19.6834,22.7756,2.0,20.0,20.0,2.0,0.9571,1.7637
65.1,4,18.2162,18.2031,2.0,20.0,20.0,2.0,0.9288,1.7637
65.1,5,18.2162,21.7969,2.0,20.0,20.0,2.0,0.9288,1.7637
65.2,1,21.1225,20.0,2.0,20.0,20.0,2.0,0.0,1.7637
65.2,2,19.6834,17.2244,2.0,20.0,20.0,2.0,0.9571,1.7637
65.2,3,19.6834,22.7756,2.0,20.0,20.0,2.0,0.9571,1.7637
65.2,4,18.2162,18.2031,2.0,20.0,20.0,2.0,0.9288,1.7637
65.2,5,18.2162,21.7969,2.0,20.0,20.0,2.0,0.9288,1.7637
65.3,1,21.1225,20.0,2.0,20.0,20.0,2.0,0.0,1.7637
65.3,2,19.6834,17.2244,2.0,20.0,20.0,2.0,0.9571,1.7637
65.3,3,19.6834,22.7756,2.0,20.0,20.0,2.0,0.9571,1.7637
65.3,4,18.2162,18.2031,2.0,20.0,20.0,2.0,0.9288,1.7637
65.3,5,18.2162,21.7969,2.0,20.0,20.0,2.0,0.9288,1.7637
65.4,1,21.1225,20.0,2.0,20.0,20.0,2.0,0.0,1.7637
65.4,2,19.6834,17.2244,2.0,20.0,20.0,2.0,0.9571,1.7637
65.4,3,19.6834,22.7756,2.0,20.0,20.0,2.0,0.9571,1.7637
65.4,4,18.2162,18.2031,2.0,20.0,20.0,2.0,0.9288,1.7637
65.4,5,18.2162,21.7969,2.0,20.0,20.0,2.0,0.9288,1.7637
65.5,1,21.1225,20.0,2.0,20.0,20.0,2.0,0.0,1.7637
65.5,2,19.6834,17.2244,2.0,20.0,20.0,2.0,0.9571,1.7637
65.5,3,19.6834,22.7756,2.0,20.0,20.0,2.0,0.9571,1.7637
65.5,4,18.2162,18.2031,2.0,20.0,20.0,2.0,0.9288,1.7637
65.5,5,18.2162,21.7969,2.0,20.0,20.0,2.0,0.9288,1.7637
65.6,1,21.1225,20.0,2.0,20.0,20.0,2.0,0.0,1.7637
65.6,2,19.6834,17.2244,2.0,20.0,20.0,2.0,0.9571,1.7637
65.6,3,19.6834,22.7756,2.0,20.0,20.0,2.0,0.9571,1.7637
65.6,4,18.2162,18.2031,2.0,20.0,20.0,2.0,0.9288,1.7637
65.6,5,18.2162,21.7969,2.0,20.0,20.0,2.0,0.9288,1.7637
65.7,1,21.1225,20.0,2.0,20.0,20.0,2.0,0.0,1.7637
65.7,2,19.6834,17.2244,2.0,20.0,20.0,2.0,0.9571,1.7637
65.7,3,19.6834,22.7756,2.0,20.0,20.0,2.0,0.9571,1.7637
65.7,4,18.2162,18.2031,2.0,20.0,20.0,2.0,0.9288,1.7637
65.7,5,18.2162,21.7969,2.0,20.0,20.0,2.0,0.9288,1.7637
65.8,1,21.1225,20.0,2.0,20.0,20.0,2.0,0.0,1.7637
65.8,2,19.6834,17.2244,2.0,20.0,20.0,2.0,0.9571,1.7637
65.8,3,19.6834,22.7756,2.0,20.0,20.0,2.0,0.9571,1.7637
65.8,4,18.2162,18.2031,2.0,20.0,20.0,2.0,0.9288,1.7637
65.8,5,18.2162,21.7969,2.0,20.0,20.0,2.0,0.9288,1.7637
65.9,1,21.1225,20.0,2.0,20.0,20.0,2.0,0.0,1.7637
65.9,2,19.6834,17.2244,2.0,20.0,20.0,2.0,0.9571,1.7637
65.9,3,19.6834,22.7756,2.0,20.0,20.0,2.0,0.9571,1.7637
65.9,4,18.2162,18.2031,2.0,20.0,20.0,2.0,0.9288,1.7637
65.9,5,18.2162,21.7969,2.0,20.0,20.0,2.0,0.9288,1.7637
66.0,1,21.1225,20.0,2.0,20.0,20.0,2.0,0.0,1.7637
66.0,2,19.6834,17.2244,2.0,20.0,20.0,2.0,0.9571,1.7637
66.0,3,19.6834,22.7756,2.0,20.0,20.0,2.0,0.9571,1.7637
66.0,4,18.2162,18.2031,2.0,20.0,20.0,2.0,0.9288,1.7637
66.0,5,18.2162,21.7969,2.0,20.0,20.0,2.0,0.9288,1.7637
66.1,1,21.1225,20.0,2.0,20.0,20.0,2.0,0.0,1.7637
66.1,2,19.6834,17.2244,2.0,20.0,20.0,2.0,0.9571,1.7637
66.1,3,19.6834,22.7756,2.0,20.0,20.0,2.0,0.9571,1.7637
66.1,4,18.2162,18.2031,2.0,20.0,20.0,2.0,0.9288,1.7637
66.1,5,18.2162,21.7969,2.0,20.0,20.0,2.0,0.9288,1.7637
66.2,1,21.1225,20.0,2.0,20.0,20.0,2.0,0.0,1.7637
66.2,2,19.6834,17.2244,2.0,20.0,20.0,2.0,0.9571,1.7637
66.2,3,19.6834,22.7756,2.0,20.0,20.0,2.0,0.9571,1.7637
66.2,4,18.2162,18.2031,2.0,20.0,20.0,2.0,0.9288,1.7637
66.2,5,18.2162,21.7969,2.0,20.0,20.0,2.0,0.9288,1.7637
66.3,1,21.1225,20.0,2.0,20.0,20.0,2.0,0.0,1.7637
66.3,2,19.6834,17.2244,2.0,20.0,20.0,2.0,0.9571,1.7637
66.3,3,19.6834,22.7756,2.0,20.0,20.0,2.0,0.9571,1.7637
66.3,4,18.2162,18.2031,2.0,20.0,20.0,2.0,0.9288,1.7637
66.3,5,18.2162,21.7969,2.0,20.0,20.0,2.0,0.9288,1.7637
66.4,1,21.1225,20.0,2.0,20.0,20.0,2.0,0.0,1.7637
66.4,2,19.6834,17.2244,2.0,20.0,20.0,2.0,0.9571,1.7637
66.4,3,19.6834,22.7756,2.0,20.0,20.0,2.0,0.9571,1.7637
66.4,4,18.2162,18.2031,2.0,20.0,20.0,2.0,0.9288,1.7637
66.4,5,18.2162,21.7969,2.0,20.0,20.0,2.0,0.9288,1.7637
66.5,1,21.1225,20.0,2.0,20.0,20.0,2.0,0.0,1.7637
66.5,2,19.6834,17.2244,2.0,20.0,20.0,2.0,0.9571,1.7637
66.5,3,19.6834,22.7756,2.0,20.0,20.0,2.0,0.9571,1.7637
66.5,4,18.2162,18.2031,2.0,20.0,20.0,2.0,0.9288,1.7637
66.5,5,18.2162,21.7969,2.0,20.0,20.0,2.0,0.9288,1.7637
66.6,1,21.1225,20.0,2.0,20.0,20.0,2.0,0.0,1.7637
66.6,2,19.6834,17.2244,2.0,20.0,20.0,2.0,0.9571,1.7637
66.6,3,19.6834,22.7756,2.0,20.0,20.0,2.0,0.9571,1.7637
66.6,4,18.2162,18.2031,2.0,20.0,20.0,2.0,0.9288,1.7637
66.6,5,18.2162,21.7969,2.0,20.0,20.0,2.0,0.9288,1.7637
66.7,1,21.1225,20.0,2.0,20.0,20.0,2.0,0.0,1.7637
66.7,2,19.6834,17.2244,2.0,20.0,20.0,2.0,0.9571,1.7637
66.7,3,19.6834,22.7756,2.0,20.0,20.0,2.0,0.9571,1.7637
66.7,4,18.2162,18.2031,2.0,20.0,20.0,2.0,0.9288,1.7637
66.7,5,18.2162,21.7969,2.0,20.0,20.0,2.0,0.9288,1.7637
66.8,1,21.1225,20.0,2.0,20.0,20.0,2.0,0.0,1.7637
66.8,2,19.6834,17.2244,2.0,20.0,20.0,2.0,0.9571,1.7637
66.8,3,19.6834,22.7756,2.0,20.0,20.0,2.0,0.9571,1.7637
66.8,4,18.2162,18.2031,2.0,20.0,20.0,2.0,0.9288,1.7637
66.8,5,18.2162,21.7969,2.0,20.0,20.0,2.0,0.9288,1.7637
66.9,1,21.1225,20.0,2.0,20.0,20.0,2.0,0.0,1.7637
66.9,2,19.6834,17.2244,2.0,20.0,20.0,2.0,0.9571,1.7637
66.9,3,19.6834,22.7756,2.0,20.0,20.0,2.0,0.9571,1.7637
66.9,4,18.2162,18.2031,2.0,20.0,20.0,2.0,0.9288,1.7637
66.9,5,18.2162,21.7969,2.0,20.0,20.0,2.0,0.9288,1.7637
67.0,1,21.1225,20.0,2.0,20.0,20.0,2.0,0.0,1.7637
67.0,2,19.6834,17.2244,2.0,20.0,20.0,2.0,0.9571,1.7637
67.0,3,19.6834,22.7756,2.0,20.0,20.0,2.0,0.9571,1.7637
67.0,4,18.2162,18.2031,2.0,20.0,20.0,2.0,0.9288,1.7637
67.0,5,18.2162,21.7969,2.0,20.0,20.0,2.0,0.9288,1.7637
67.1,1,21.1225,20.0,2.0,20.0,20.0,2.0,0.0,1.7637
67.1,2,19.6834,17.2244,2.0,20.0,20.0,2.0,0.9571,1.7637
67.1,3,19.6834,22.7756,2.0,20.0,20.0,2.0,0.9571,1.7637
67.1,4,18.2162,18.2031,2.0,20.0,20.0,2.0,0.9288,1.7637
67.1,5,18.2162,21.7969,2.0,20.0,20.0,2.0,0.9288,1.7637
67.2,1,21.1225,20.0,2.0,20.0,20.0,2.0,0.0,1.7637
67.2,2,19.6834,17.2244,2.0,20.0,20.0,2.0,0.9571,1.7637
67.2,3,19.6834,22.7756,2.0,20.0,20.0,2.0,0.9571,1.7637
67.2,4,18.2162,18.2031,2.0,20.0,20.0,2.0,0.9288,1.7637
67.2,5,18.2162,21.7969,2.0,20.0,20.0,2.0,0.9288,1.7637
67.3,1,21.1225,20.0,2.0,20.0,20.0,2.0,0.0,1.7637
67.3,2,19.6834,17.2244,2.0,20.0,20.0,2.0,0.9571,1.7637
67.3,3,19.6834,22.7756,2.0,20.0,20.0,2.0,0.9571,1.7637
67.3,4,18.2162,18.2031,2.0,20.0,20.0,2.0,0.9288,1.7637
67.3,5,18.2162,21.7969,2.0,20.0,20.0,2.0,0.9288,1.7637
67.4,1,21.1225,20.0,2.0,20.0,20.0,2.0,0.0,1.7637
67.4,2,19.6834,17.2244,2.0,20.0,20.0,2.0,0.9571,1.7637
67.4,3,19.6834,22.7756,2.0,20.0,20.0,2.0,0.9571,1.7637
67.4,4,18.2162,18.2031,2.0,20.0,20.0,2.0,0.9288,1.7637
67.4,5,18.2162,21.7969,2.0,20.0,20.0,2.0,0.9288,1.7637
67.5,1,21.1225,20.0,2.0,20.0,20.0,2.0,0.0,1.7637
67.5,2,19.6834,17.2244,2.0,20.0,20.0,2.0,0.9571,1.7637
67.5,3,19.6834,22.7756,2.0,20.0,20.0,2.0,0.9571,1.7637
67.5,4,18.2162,18.2031,2.0,20.0,20.0,2.0,0.9288,1.7637
67.5,5,18.2162,21.7969,2.0,20.0,20.0,2.0,0.9288,1.7637
67.6,1,21.1225,20.0,2.0,20.0,20.0,2.0,0.0,1.7637
67.6,2,19.6834,17.2244,2.0,20.0,20.0,2.0,0.9571,1.7637
67.6,3,19.6834,22.7756,2.0,20.0,20.0,2.0,0.9571,1.7637
67.6,4,18.2162,18.2031,2.0,20.0,20.0,2.0,0.9288,1.7637
67.6,5,18.2162,21.7969,2.0,20.0,20.0,2.0,0.9288,1.7637
67.7,1,21.1225,20.0,2.0,20.0,20.0,2.0,0.0,1.7637
67.7,2,19.6834,17.2244,2.0,20.0,20.0,2.0,0.9571,1.7637
67.7,3,19.6834,22.7756,2.0,20.0,20.0,2.0,0.9571,1.7637
67.7,4,18.2162,18.2031,2.0,20.0,20.0,2.0,0.9288,1.7637
67.7,5,18.2162,21.7969,2.0,20.0,20.0,2.0,0.9288,1.7637
67.8,1,21.1225,20.0,2.0,20.0,20.0,2.0,0.0,1.7637
67.8,2,19.6834,17.2244,2.0,20.0,20.0,2.0,0.9571,1.7637
67.8,3,19.6834,22.7756,2.0,20.0,20.0,2.0,0.9571,1.7637
67.8,4,18.2162,18.2031,2.0,20.0,20.0,2.0,0.9288,1.7637
67.8,5,18.2162,21.7969,2.0,20.0,20.0,2.0,0.9288,1.7637
67.9,1,21.1225,20.0,2.0,20.0,20.0,2.0,0.0,1.7637
67.9,2,19.6834,17.2244,2.0,20.0,20.0,2.0,0.9571,1.7637
67.9,3,19.6834,22.7756,2.0,20.0,20.0,2.0,0.9571,1.7637
67.9,4,18.2162,18.2031,2.0,20.0,20.0,2.0,0.9288,1.7637
67.9,5,18.2162,21.7969,2.0,20.0,20.0,2.0,0.9288,1.7637
68.0,1,21.1225,20.0,2.0,20.0,20.0,2.0,0.0,1.7637
68.0,2,19.6834,17.2244,2.0,20.0,20.0,2.0,0.9571,1.7637
68.0,3,19.6834,22.7756,2.0,20.0,20.0,2.0,0.9571,1.7637
68.0,4,18.2162,18.2031,2.0,20.0,20.0,2.0,0.9288,1.7637
68.0,5,18.2162,21.7969,2.0,20.0,20.0,2.0,0.9288,1.7637
68.1,1,21.1225,20.0,2.0,20.0,20.0,2.0,0.0,1.7637
68.1,2,19.6834,17.2244,2.0,20.0,20.0,2.0,0.9571,1.7637
68.1,3,19.6834,22.7756,2.0,20.0,20.0,2.0,0.9571,1.7637
68.1,4,18.2162,18.2031,2.0,20.0,20.0,2.0,0.9288,1.7637
68.1,5,18.2162,21.7969,2.0,20.0,20.0,2.0,0.9288,1.7637
68.2,1,21.1225,20.0,2.0,20.0,20.0,2.0,0.0,1.7637
68.2,2,19.6834,17.2244,2.0,20.0,20.0,2.0,0.9571,1.7637
68.2,3,19.6834,22.7756,2.0,20.0,20.0,2.0,0.9571,1.7637
68.2,4,18.2162,18.2031,2.0,20.0,20.0,2.0,0.9288,1.7637
68.2,5,18.2162,21.7969,2.0,20.0,20.0,2.0,0.9288,1.7637
68.3,1,21.1225,20.0,2.0,20.0,20.0,2.0,0.0,1.7637
68.3,2,19.6834,17.2244,2.0,20.0,20.0,2.0,0.9571,1.7637
68.3,3,19.6834,22.7756,2.0,20.0,20.0,2.0,0.9571,1.7637
68.3,4,18.2162,18.2031,2.0,20.0,20.0,2.0,0.9288,1.7637
68.3,5,18.2162,21.7969,2.0,20.0,20.0,2.0,0.9288,1.7637
68.4,1,21.1225,20.0,2.0,20.0,20.0,2.0,0.0,1.7637
68.4,2,19.6834,17.2244,2.0,20.0,20.0,2.0,0.9571,1.7637
68.4,3,19.6834,22.7756,2.0,20.0,20.0,2.0,0.9571,1.7637
68.4,4,18.2162,18.2031,2.0,20.0,20.0,2.0,0.9288,1.7637
68.4,5,18.2162,21.7969,2.0,20.0,20.0,2.0,0.9288,1.7637
68.5,1,21.1225,20.0,2.0,20.0,20.0,2.0,0.0,1.7637
68.5,2,19.6834,17.2244,2.0,20.0,20.0,2.0,0.9571,1.7637
68.5,3,19.6834,22.7756,2.0,20.0,20.0,2.0,0.9571,1.7637
68.5,4,18.2162,18.2031,2.0,20.0,20.0,2.0,0.9288,1.7637
68.5,5,18.2162,21.7969,2.0,20.0,20.0,2.0,0.9288,1.7637
68.6,1,21.1225,20.0,2.0,20.0,20.0,2.0,0.0,1.7637
68.6,2,19.6834,17.2244,2.0,20.0,20.0,2.0,0.9571,1.7637
68.6,3,19.6834,22.7756,2.0,20.0,20.0,2.0,0.9571,1.7637
68.6,4,18.2162,18.2031,2.0,20.0,20.0,2.0,0.9288,1.7637
68.6,5,18.2162,21.7969,2.0,20.0,20.0,2.0,0.9288,1.7637
68.7,1,21.1225,20.0,2.0,20.0,20.0,2.0,0.0,1.7637
68.7,2,19.6834,17.2244,2.0,20.0,20.0,2.0,0.9571,1.7637
68.7,3,19.6834,22.7756,2.0,20.0,20.0,2.0,0.9571,1.7637
68.7,4,18.2162,18.2031,2.0,20.0,20.0,2.0,0.9288,1.7637
68.7,5,18.2162,21.7969,2.0,20.0,20.0,2.0,0.9288,1.7637
68.8,1,21.1225,20.0,2.0,20.0,20.0,2.0,0.0,1.7637
68.8,2,19.6834,17.2244,2.0,20.0,20.0,2.0,0.9571,1.7637
68.8,3,19.6834,22.7756,2.0,20.0,20.0,2.0,0.9571,1.7637
68.8,4,18.2162,18.2031,2.0,20.0,20.0,2.0,0.9288,1.7637
68.8,5,18.2162,21.7969,2.0,20.0,20.0,2.0,0.9288,1.7637
68.9,1,21.1225,20.0,2.0,20.0,20.0,2.0,0.0,1.7637
68.9,2,19.6834,17.2244,2.0,20.0,20.0,2.0,0.9571,1.7637
68.9,3,19.6834,22.7756,2.0,20.0,20.0,2.0,0.9571,1.7637
68.9,4,18.2162,18.2031,2.0,20.0,20.0,2.0,0.9288,1.7637
68.9,5,18.2162,21.7969,2.0,20.0,20.0,2.0,0.9288,1.7637
69.0,1,21.1225,20.0,2.0,20.0,20.0,2.0,0.0,1.7637
69.0,2,19.6834,17.2244,2.0,20.0,20.0,2.0,0.9571,1.7637
69.0,3,19.6834,22.7756,2.0,20.0,20.0,2.0,0.9571,1.7637
69.0,4,18.2162,18.2031,2.0,20.0,20.0,2.0,0.9288,1.7637
69.0,5,18.2162,21.7969,2.0,20.0,20.0,2.0,0.9288,1.7637
69.1,1,21.1225,20.0,2.0,20.0,20.0,2.0,0.0,1.7637
69.1,2,19.6834,17.2244,2.0,20.0,20.0,2.0,0.9571,1.7637
69.1,3,19.6834,22.7756,2.0,20.0,20.0,2.0,0.9571,1.7637
69.1,4,18.2162,18.2031,2.0,20.0,20.0,2.0,0.9288,1.7637
69.1,5,18.2162,21.7969,2.0,20.0,20.0,2.0,0.9288,1.7637
69.2,1,21.1225,20.0,2.0,20.0,20.0,2.0,0.0,1.7637
69.2,2,19.6834,17.2244,2.0,20.0,20.0,2.0,0.9571,1.7637
69.2,3,19.6834,22.7756,2.0,20.0,20.0,2.0,0.9571,1.7637
69.2,4,18.2162,18.2031,2.0,20.0,20.0,2.0,0.9288,1.7637
69.2,5,18.2162,21.7969,2.0,20.0,20.0,2.0,0.9288,1.7637
69.3,1,21.1225,20.0,2.0,20.0,20.0,2.0,0.0,1.7637
69.3,2,19.6834,17.2244,2.0,20.0,20.0,2.0,0.9571,1.7637
69.3,3,19.6834,22.7756,2.0,20.0,20.0,2.0,0.9571,1.7637
69.3,4,18.2162,18.2031,2.0,20.0,20.0,2.0,0.9288,1.7637
69.3,5,18.2162,21.7969,2.0,20.0,20.0,2.0,0.9288,1.7637
69.4,1,21.1225,20.0,2.0,20.0,20.0,2.0,0.0,1.7637
69.4,2,19.6834,17.2244,2.0,20.0,20.0,2.0,0.9571,1.7637
69.4,3,19.6834,22.7756,2.0,20.0,20.0,2.0,0.9571,1.7637
69.4,4,18.2162,18.2031,2.0,20.0,20.0,2.0,0.9288,1.7637
69.4,5,18.2162,21.7969,2.0,20.0,20.0,2.0,0.9288,1.7637
69.5,1,21.1225,20.0,2.0,20.0,20.0,2.0,0.0,1.7637
69.5,2,19.6834,17.2244,2.0,20.0,20.0,2.0,0.9571,1.7637
69.5,3,19.6834,22.7756,2.0,20.0,20.0,2.0,0.9571,1.7637
69.5,4,18.2162,18.2031,2.0,20.0,20.0,2.0,0.9288,1.7637
69.5,5,18.2162,21.7969,2.0,20.0,20.0,2.0,0.9288,1.7637
69.6,1,21.1225,20.0,2.0,20.0,20.0,2.0,0.0,1.7637
69.6,2,19.6834,17.2244,2.0,20.0,20.0,2.0,0.9571,1.7637
69.6,3,19.6834,22.7756,2.0,20.0,20.0,2.0,0.9571,1.7637
69.6,4,18.2162,18.2031,2.0,20.0,20.0,2.0,0.9288,1.7637
69.6,5,18.2162,21.7969,2.0,20.0,20.0,2.0,0.9288,1.7637
69.7,1,21.1225,20.0,2.0,20.0,20.0,2.0,0.0,1.7637
69.7,2,19.6834,17.2244,2.0,20.0,20.0,2.0,0.9571,1.7637
69.7,3,19.6834,22.7756,2.0,20.0,20.0,2.0,0.9571,1.7637
69.7,4,18.2162,18.2031,2.0,20.0,20.0,2.0,0.9288,1.7637
69.7,5,18.2162,21.7969,2.0,20.0,20.0,2.0,0.9288,1.7637
69.8,1,21.1225,20.0,2.0,20.0,20.0,2.0,0.0,1.7637
69.8,2,19.6834,17.2244,2.0,20.0,20.0,2.0,0.9571,1.7637
69.8,3,19.6834,22.7756,2.0,20.0,20.0,2.0,0.9571,1.7637
69.8,4,18.2162,18.2031,2.0,20.0,20.0,2.0,0.9288,1.7637
69.8,5,18.2162,21.7969,2.0,20.0,20.0,2.0,0.9288,1.7637
69.9,1,21.1225,20.0,2.0,20.0,20.0,2.0,0.0,1.7637
69.9,2,19.6834,17.2244,2.0,20.0,20.0,2.0,0.9571,1.7637
69.9,3,19.6834,22.7756,2.0,20.0,20.0,2.0,0.9571,1.7637
69.9,4,18.2162,18.2031,2.0,20.0,20.0,2.0,0.9288,1.7637
69.9,5,18.2162,21.7969,2.0,20.0,20.0,2.0,0.9288,1.7637
70.0,1,21.1225,20.0,2.0,20.0,20.0,2.0,0.0,1.7637
70.0,2,19.6834,17.2244,2.0,20.0,20.0,2.0,0.9571,1.7637
70.0,3,19.6834,22.7756,2.0,20.0,20.0,2.0,0.9571,1.7637
70.0,4,18.2162,18.2031,2.0,20.0,20.0,2.0,0.9288,1.7637
70.0,5,18.2162,21.7969,2.0,20.0,20.0,2.0,0.9288,1.7637
70.1,1,21.1225,20.0,2.0,20.0,20.0,2.0,0.0,1.7637
70.1,2,19.6834,17.2244,2.0,20.0,20.0,2.0,0.9571,1.7637
70.1,3,19.6834,22.7756,2.0,20.0,20.0,2.0,0.9571,1.7637
70.1,4,18.2162,18.2031,2.0,20.0,20.0,2.0,0.9288,1.7637
70.1,5,18.2162,21.7969,2.0,20.0,20.0,2.0,0.9288,1.7637
70.2,1,21.1225,20.0,2.0,20.0,20.0,2.0,0.0,1.7637
70.2,2,19.6834,17.2244,2.0,20.0,20.0,2.0,0.9571,1.7637
70.2,3,19.6834,22.7756,2.0,20.0,20.0,2.0,0.9571,1.7637
70.2,4,18.2162,18.2031,2.0,20.0,20.0,2.0,0.9288,1.7637
70.2,5,18.2162,21.7969,2.0,20.0,20.0,2.0,0.9288,1.7637
70.3,1,21.1225,20.0,2.0,20.0,20.0,2.0,0.0,1.7637
70.3,2,19.6834,17.2244,2.0,20.0,20.0,2.0,0.9571,1.7637
70.3,3,19.6834,22.7756,2.0,20.0,20.0,2.0,0.9571,1.7637
70.3,4,18.2162,18.2031,2.0,20.0,20.0,2.0,0.9288,1.7637
70.3,5,18.2162,21.7969,2.0,20.0,20.0,2.0,0.9288,1.7637
70.4,1,21.1225,20.0,2.0,20.0,20.0,2.0,0.0,1.7637
70.4,2,19.6834,17.2244,2.0,20.0,20.0,2.0,0.9571,1.7637
70.4,3,19.6834,22.7756,2.0,20.0,20.0,2.0,0.9571,1.7637
70.4,4,18.2162,18.2031,2.0,20.0,20.0,2.0,0.9288,1.7637
70.4,5,18.2162,21.7969,2.0,20.0,20.0,2.0,0.9288,1.7637
70.5,1,21.1225,20.0,2.0,20.0,20.0,2.0,0.0,1.7637
70.5,2,19.6834,17.2244,2.0,20.0,20.0,2.0,0.9571,1.7637
70.5,3,19.6834,22.7756,2.0,20.0,20.0,2.0,0.9571,1.7637
70.5,4,18.2162,18.2031,2.0,20.0,20.0,2.0,0.9288,1.7637
70.5,5,18.2162,21.7969,2.0,20.0,20.0,2.0,0.9288,1.7637
70.6,1,21.1225,20.0,2.0,20.0,20.0,2.0,0.0,1.7637
70.6,2,19.6834,17.2244,2.0,20.0,20.0,2.0,0.9571,1.7637
70.6,3,19.6834,22.7756,2.0,20.0,20.0,2.0,0.9571,1.7637
70.6,4,18.2162,18.2031,2.0,20.0,20.0,2.0,0.9288,1.7637
70.6,5,18.2162,21.7969,2.0,20.0,20.0,2.0,0.9288,1.7637
70.7,1,21.1225,20.0,2.0,20.0,20.0,2.0,0.0,1.7637
70.7,2,19.6834,17.2244,2.0,20.0,20.0,2.0,0.9571,1.7637
70.7,3,19.6834,22.7756,2.0,20.0,20.0,2.0,0.9571,1.7637
70.7,4,18.2162,18.2031,2.0,20.0,20.0,2.0,0.9288,1.7637
70.7,5,18.2162,21.7969,2.0,20.0,20.0,2.0,0.9288,1.7637
70.8,1,21.1225,20.0,2.0,20.0,20.0,2.0,0.0,1.7637
70.8,2,19.6834,17.2244,2.0,20.0,20.0,2.0,0.9571,1.7637
70.8,3,19.6834,22.7756,2.0,20.0,20.0,2.0,0.9571,1.7637
70.8,4,18.2162,18.2031,2.0,20.0,20.0,2.0,0.9288,1.7637
70.8,5,18.2162,21.7969,2.0,20.0,20.0,2.0,0.9288,1.7637
70.9,1,21.1225,20.0,2.0,20.0,20.0,2.0,0.0,1.7637
70.9,2,19.6834,17.2244,2.0,20.0,20.0,2.0,0.9571,1.7637
70.9,3,19.6834,22.7756,2.0,20.0,20.0,2.0,0.9571,1.7637
70.9,4,18.2162,18.2031,2.0,20.0,20.0,2.0,0.9288,1.7637
70.9,5,18.2162,21.7969,2.0,20.0,20.0,2.0,0.9288,1.7637
71.0,1,21.1225,20.0,2.0,20.0,20.0,2.0,0.0,1.7637
71.0,2,19.6834,17.2244,2.0,20.0,20.0,2.0,0.9571,1.7637
71.0,3,19.6834,22.7756,2.0,20.0,20.0,2.0,0.9571,1.7637
71.0,4,18.2162,18.2031,2.0,20.0,20.0,2.0,0.9288,1.7637
71.0,5,18.2162,21.7969,2.0,20.0,20.0,2.0,0.9288,1.7637
71.1,1,21.1225,20.0,2.0,20.0,20.0,2.0,0.0,1.7637
71.1,2,19.6834,17.2244,2.0,20.0,20.0,2.0,0.9571,1.7637
71.1,3,19.6834,22.7756,2.0,20.0,20.0,2.0,0.9571,1.7637
71.1,4,18.2162,18.2031,2.0,20.0,20.0,2.0,0.9288,1.7637
71.1,5,18.2162,21.7969,2.0,20.0,20.0,2.0,0.9288,1.7637
71.2,1,21.1225,20.0,2.0,20.0,20.0,2.0,0.0,1.7637
71.2,2,19.6834,17.2244,2.0,20.0,20.0,2.0,0.9571,1.7637
71.2,3,19.6834,22.7756,2.0,20.0,20.0,2.0,0.9571,1.7637
71.2,4,18.2162,18.2031,2.0,20.0,20.0,2.0,0.9288,1.7637
71.2,5,18.2162,21.7969,2.0,20.0,20.0,2.0,0.9288,1.7637
71.3,1,21.1225,20.0,2.0,20.0,20.0,2.0,0.0,1.7637
71.3,2,19.6834,17.2244,2.0,20.0,20.0,2.0,0.9571,1.7637
71.3,3,19.6834,22.7756,2.0,20.0,20.0,2.0,0.9571,1.7637
71.3,4,18.2162,18.2031,2.0,20.0,20.0,2.0,0.9288,1.7637
71.3,5,18.2162,21.7969,2.0,20.0,20.0,2.0,0.9288,1.7637
71.4,1,21.1225,20.0,2.0,20.0,20.0,2.0,0.0,1.7637
71.4,2,19.6834,17.2244,2.0,20.0,20.0,2.0,0.9571,1.7637
71.4,3,19.6834,22.7756,2.0,20.0,20.0,2.0,0.9571,1.7637
71.4,4,18.2162,18.2031,2.0,20.0,20.0,2.0,0.9288,1.7637
71.4,5,18.2162,21.7969,2.0,20.0,20.0,2.0,0.9288,1.7637
71.5,1,21.1225,20.0,2.0,20.0,20.0,2.0,0.0,1.7637
71.5,2,19.6834,17.2244,2.0,20.0,20.0,2.0,0.9571,1.7637
71.5,3,19.6834,22.7756,2.0,20.0,20.0,2.0,0.9571,1.7637
71.5,4,18.2162,18.2031,2.0,20.0,20.0,2.0,0.9288,1.7637
71.5,5,18.2162,21.7969,2.0,20.0,20.0,2.0,0.9288,1.7637
71.6,1,21.1225,20.0,2.0,20.0,20.0,2.0,0.0,1.7637
71.6,2,19.6834,17.2244,2.0,20.0,20.0,2.0,0.9571,1.7637
71.6,3,19.6834,22.7756,2.0,20.0,20.0,2.0,0.9571,1.7637
71.6,4,18.2162,18.2031,2.0,20.0,20.0,2.0,0.9288,1.7637
71.6,5,18.2162,21.7969,2.0,20.0,20.0,2.0,0.9288,1.7637
71.7,1,21.1225,20.0,2.0,20.0,20.0,2.0,0.0,1.7637
71.7,2,19.6834,17.2244,2.0,20.0,20.0,2.0,0.9571,1.7637
71.7,3,19.6834,22.7756,2.0,20.0,20.0,2.0,0.9571,1.7637
71.7,4,18.2162,18.2031,2.0,20.0,20.0,2.0,0.9288,1.7637
71.7,5,18.2162,21.7969,2.0,20.0,20.0,2.0,0.9288,1.7637
71.8,1,21.1225,20.0,2.0,20.0,20.0,2.0,0.0,1.7637
71.8,2,19.6834,17.2244,2.0,20.0,20.0,2.0,0.9571,1.7637
71.8,3,19.6834,22.7756,2.0,20.0,20.0,2.0,0.9571,1.7637
71.8,4,18.2162,18.2031,2.0,20.0,20.0,2.0,0.9288,1.7637
71.8,5,18.2162,21.7969,2.0,20.0,20.0,2.0,0.9288,1.7637
71.9,1,21.1225,20.0,2.0,20.0,20.0,2.0,0.0,1.7637
71.9,2,19.6834,17.2244,2.0,20.0,20.0,2.0,0.9571,1.7637
71.9,3,19.6834,22.7756,2.0,20.0,20.0,2.0,0.9571,1.7637
71.9,4,18.2162,18.2031,2.0,20.0,20.0,2.0,0.9288,1.7637
71.9,5,18.2162,21.7969,2.0,20.0,20.0,2.0,0.9288,1.7637
72.0,1,21.1225,20.0,2.0,20.0,20.0,2.0,0.0,1.7637
72.0,2,19.6834,17.2244,2.0,20.0,20.0,2.0,0.9571,1.7637
72.0,3,19.6834,22.7756,2.0,20.0,20.0,2.0,0.9571,1.7637
72.0,4,18.2162,18.2031,2.0,20.0,20.0,2.0,0.9288,1.7637
72.0,5,18.2162,21.7969,2.0,20.0,20.0,2.0,0.9288,1.7637
72.1,1,21.1225,20.0,2.0,20.0,20.0,2.0,0.0,1.7637
72.1,2,19.6834,17.2244,2.0,20.0,20.0,2.0,0.9571,1.7637
72.1,3,19.6834,22.7756,2.0,20.0,20.0,2.0,0.9571,1.7637
72.1,4,18.2162,18.2031,2.0,20.0,20.0,2.0,0.9288,1.7637
72.1,5,18.2162,21.7969,2.0,20.0,20.0,2.0,0.9288,1.7637
72.2,1,21.1225,20.0,2.0,20.0,20.0,2.0,0.0,1.7637
72.2,2,19.6834,17.2244,2.0,20.0,20.0,2.0,0.9571,1.7637
72.2,3,19.6834,22.7756,2.0,20.0,20.0,2.0,0.9571,1.7637
72.2,4,18.2162,18.2031,2.0,20.0,20.0,2.0,0.9288,1.7637
72.2,5,18.2162,21.7969,2.0,20.0,20.0,2.0,0.9288,1.7637
72.3,1,21.1225,20.0,2.0,20.0,20.0,2.0,0.0,1.7637
72.3,2,19.6834,17.2244,2.0,20.0,20.0,2.0,0.9571,1.7637
72.3,3,19.6834,22.7756,2.0,20.0,20.0,2.0,0.9571,1.7637
72.3,4,18.2162,18.2031,2.0,20.0,20.0,2.0,0.9288,1.7637
72.3,5,18.2162,21.7969,2.0,20.0,20.0,2.0,0.9288,1.7637
72.4,1,21.1225,20.0,2.0,20.0,20.0,2.0,0.0,1.7637
72.4,2,19.6834,17.2244,2.0,20.0,20.0,2.0,0.9571,1.7637
72.4,3,19.6834,22.7756,2.0,20.0,20.0,2.0,0.9571,1.7637
72.4,4,18.2162,18.2031,2.0,20.0,20.0,2.0,0.9288,1.7637
72.4,5,18.2162,21.7969,2.0,20.0,20.0,2.0,0.9288,1.7637
72.5,1,21.1225,20.0,2.0,20.0,20.0,2.0,0.0,1.7637
72.5,2,19.6834,17.2244,2.0,20.0,20.0,2.0,0.9571,1.7637
72.5,3,19.6834,22.7756,2.0,20.0,20.0,2.0,0.9571,1.7637
72.5,4,18.2162,18.2031,2.0,20.0,20.0,2.0,0.9288,1.7637
72.5,5,18.2162,21.7969,2.0,20.0,20.0,2.0,0.9288,1.7637
72.6,1,21.1225,20.0,2.0,20.0,20.0,2.0,0.0,1.7637
72.6,2,19.6834,17.2244,2.0,20.0,20.0,2.0,0.9571,1.7637
72.6,3,19.6834,22.7756,2.0,20.0,20.0,2.0,0.9571,1.7637
72.6,4,18.2162,18.2031,2.0,20.0,20.0,2.0,0.9288,1.7637
72.6,5,18.2162,21.7969,2.0,20.0,20.0,2.0,0.9288,1.7637
72.7,1,21.1225,20.0,2.0,20.0,20.0,2.0,0.0,1.7637
72.7,2,19.6834,17.2244,2.0,20.0,20.0,2.0,0.9571,1.7637
72.7,3,19.6834,22.7756,2.0,20.0,20.0,2.0,0.9571,1.7637
72.7,4,18.2162,18.2031,2.0,20.0,20.0,2.0,0.9288,1.7637
72.7,5,18.2162,21.7969,2.0,20.0,20.0,2.0,0.9288,1.7637
72.8,1,21.1225,20.0,2.0,20.0,20.0,2.0,0.0,1.7637
72.8,2,19.6834,17.2244,2.0,20.0,20.0,2.0,0.9571,1.7637
72.8,3,19.6834,22.7756,2.0,20.0,20.0,2.0,0.9571,1.7637
72.8,4,18.2162,18.2031,2.0,20.0,20.0,2.0,0.9288,1.7637
72.8,5,18.2162,21.7969,2.0,20.0,20.0,2.0,0.9288,1.7637
72.9,1,21.1225,20.0,2.0,20.0,20.0,2.0,0.0,1.7637
72.9,2,19.6834,17.2244,2.0,20.0,20.0,2.0,0.9571,1.7637
72.9,3,19.6834,22.7756,2.0,20.0,20.0,2.0,0.9571,1.7637
72.9,4,18.2162,18.2031,2.0,20.0,20.0,2.0,0.9288,1.7637
72.9,5,18.2162,21.7969,2.0,20.0,20.0,2.0,0.9288,1.7637
73.0,1,21.1225,20.0,2.0,20.0,20.0,2.0,0.0,1.7637
73.0,2,19.6834,17.2244,2.0,20.0,20.0,2.0,0.9571,1.7637
73.0,3,19.6834,22.7756,2.0,20.0,20.0,2.0,0.9571,1.7637
73.0,4,18.2162,18.2031,2.0,20.0,20.0,2.0,0.9288,1.7637
73.0,5,18.2162,21.7969,2.0,20.0,20.0,2.0,0.9288,1.7637
73.1,1,21.1225,20.0,2.0,20.0,20.0,2.0,0.0,1.7637
73.1,2,19.6834,17.2244,2.0,20.0,20.0,2.0,0.9571,1.7637
73.1,3,19.6834,22.7756,2.0,20.0,20.0,2.0,0.9571,1.7637
73.1,4,18.2162,18.2031,2.0,20.0,20.0,2.0,0.9288,1.7637
73.1,5,18.2162,21.7969,2.0,20.0,20.0,2.0,0.9288,1.7637
73.2,1,21.1225,20.0,2.0,20.0,20.0,2.0,0.0,1.7637
73.2,2,19.6834,17.2244,2.0,20.0,20.0,2.0,0.9571,1.7637
73.2,3,19.6834,22.7756,2.0,20.0,20.0,2.0,0.9571,1.7637
73.2,4,18.2162,18.2031,2.0,20.0,20.0,2.0,0.9288,1.7637
73.2,5,18.2162,21.7969,2.0,20.0,20.0,2.0,0.9288,1.7637
73.3,1,21.1225,20.0,2.0,20.0,20.0,2.0,0.0,1.7637
73.3,2,19.6834,17.2244,2.0,20.0,20.0,2.0,0.9571,1.7637
73.3,3,19.6834,22.7756,2.0,20.0,20.0,2.0,0.9571,1.7637
73.3,4,18.2162,18.2031,2.0,20.0,20.0,2.0,0.9288,1.7637
73.3,5,18.2162,21.7969,2.0,20.0,20.0,2.0,0.9288,1.7637
73.4,1,21.1225,20.0,2.0,20.0,20.0,2.0,0.0,1.7637
73.4,2,19.6834,17.2244,2.0,20.0,20.0,2.0,0.9571,1.7637
73.4,3,19.6834,22.7756,2.0,20.0,20.0,2.0,0.9571,1.7637
73.4,4,18.2162,18.2031,2.0,20.0,20.0,2.0,0.9288,1.7637
73.4,5,18.2162,21.7969,2.0,20.0,20.0,2.0,0.9288,1.7637
73.5,1,21.1225,20.0,2.0,20.0,20.0,2.0,0.0,1.7637
73.5,2,19.6834,17.2244,2.0,20.0,20.0,2.0,0.9571,1.7637
73.5,3,19.6834,22.7756,2.0,20.0,20.0,2.0,0.9571,1.7637
73.5,4,18.2162,18.2031,2.0,20.0,20.0,2.0,0.9288,1.7637
73.5,5,18.2162,21.7969,2.0,20.0,20.0,2.0,0.9288,1.7637
73.6,1,21.1225,20.0,2.0,20.0,20.0,2.0,0.0,1.7637
73.6,2,19.6834,17.2244,2.0,20.0,20.0,2.0,0.9571,1.7637
73.6,3,19.6834,22.7756,2.0,20.0,20.0,2.0,0.9571,1.7637
73.6,4,18.2162,18.2031,2.0,20.0,20.0,2.0,0.9288,1.7637
73.6,5,18.2162,21.7969,2.0,20.0,20.0,2.0,0.9288,1.7637
73.7,1,21.1225,20.0,2.0,20.0,20.0,2.0,0.0,1.7637
73.7,2,19.6834,17.2244,2.0,20.0,20.0,2.0,0.9571,1.7637
73.7,3,19.6834,22.7756,2.0,20.0,20.0,2.0,0.9571,1.7637
73.7,4,18.2162,18.2031,2.0,20.0,20.0,2.0,0.9288,1.7637
73.7,5,18.2162,21.7969,2.0,20.0,20.0,2.0,0.9288,1.7637
73.8,1,21.1225,20.0,2.0,20.0,20.0,2.0,0.0,1.7637
73.8,2,19.6834,17.2244,2.0,20.0,20.0,2.0,0.9571,1.7637
73.8,3,19.6834,22.7756,2.0,20.0,20.0,2.0,0.9571,1.7637
73.8,4,18.2162,18.2031,2.0,20.0,20.0,2.0,0.9288,1.7637
73.8,5,18.2162,21.7969,2.0,20.0,20.0,2.0,0.9288,1.7637
73.9,1,21.1225,20.0,2.0,20.0,20.0,2.0,0.0,1.7637
73.9,2,19.6834,17.2244,2.0,20.0,20.0,2.0,0.9571,1.7637
73.9,3,19.6834,22.7756,2.0,20.0,20.0,2.0,0.9571,1.7637
73.9,4,18.2162,18.2031,2.0,20.0,20.0,2.0,0.9288,1.7637
73.9,5,18.2162,21.7969,2.0,20.0,20.0,2.0,0.9288,1.7637
74.0,1,21.1225,20.0,2.0,20.0,20.0,2.0,0.0,1.7637
74.0,2,19.6834,17.2244,2.0,20.0,20.0,2.0,0.9571,1.7637
74.0,3,19.6834,22.7756,2.0,20.0,20.0,2.0,0.9571,1.7637
74.0,4,18.2162,18.2031,2.0,20.0,20.0,2.0,0.9288,1.7637
74.0,5,18.2162,21.7969,2.0,20.0,20.0,2.0,0.9288,1.7637
74.1,1,21.1225,20.0,2.0,20.0,20.0,2.0,0.0,1.7637
74.1,2,19.6834,17.2244,2.0,20.0,20.0,2.0,0.9571,1.7637
74.1,3,19.6834,22.7756,2.0,20.0,20.0,2.0,0.9571,1.7637
74.1,4,18.2162,18.2031,2.0,20.0,20.0,2.0,0.9288,1.7637
74.1,5,18.2162,21.7969,2.0,20.0,20.0,2.0,0.9288,1.7637
74.2,1,21.1225,20.0,2.0,20.0,20.0,2.0,0.0,1.7637
74.2,2,19.6834,17.2244,2.0,20.0,20.0,2.0,0.9571,1.7637
74.2,3,19.6834,22.7756,2.0,20.0,20.0,2.0,0.9571,1.7637
74.2,4,18.2162,18.2031,2.0,20.0,20.0,2.0,0.9288,1.7637
74.2,5,18.2162,21.7969,2.0,20.0,20.0,2.0,0.9288,1.7637
74.3,1,21.1225,20.0,2.0,20.0,20.0,2.0,0.0,1.7637
74.3,2,19.6834,17.2244,2.0,20.0,20.0,2.0,0.9571,1.7637
74.3,3,19.6834,22.7756,2.0,20.0,20.0,2.0,0.9571,1.7637
74.3,4,18.2162,18.2031,2.0,20.0,20.0,2.0,0.9288,1.7637
74.3,5,18.2162,21.7969,2.0,20.0,20.0,2.0,0.9288,1.7637
74.4,1,21.1225,20.0,2.0,20.0,20.0,2.0,0.0,1.7637
74.4,2,19.6834,17.2244,2.0,20.0,20.0,2.0,0.9571,1.7637
74.4,3,19.6834,22.7756,2.0,20.0,20.0,2.0,0.9571,1.7637
74.4,4,18.2162,18.2031,2.0,20.0,20.0,2.0,0.9288,1.7637
74.4,5,18.2162,21.7969,2.0,20.0,20.0,2.0,0.9288,1.7637
74.5,1,21.1225,20.0,2.0,20.0,20.0,2.0,0.0,1.7637
74.5,2,19.6834,17.2244,2.0,20.0,20.0,2.0,0.9571,1.7637
74.5,3,19.6834,22.7756,2.0,20.0,20.0,2.0,0.9571,1.7637
74.5,4,18.2162,18.2031,2.0,20.0,20.0,2.0,0.9288,1.7637
74.5,5,18.2162,21.7969,2.0,20.0,20.0,2.0,0.9288,1.7637
74.6,1,21.1225,20.0,2.0,20.0,20.0,2.0,0.0,1.7637
74.6,2,19.6834,17.2244,2.0,20.0,20.0,2.0,0.9571,1.7637
74.6,3,19.6834,22.7756,2.0,20.0,20.0,2.0,0.9571,1.7637
74.6,4,18.2162,18.2031,2.0,20.0,20.0,2.0,0.9288,1.7637
74.6,5,18.2162,21.7969,2.0,20.0,20.0,2.0,0.9288,1.7637
74.7,1,21.1225,20.0,2.0,20.0,20.0,2.0,0.0,1.7637
74.7,2,19.6834,17.2244,2.0,20.0,20.0,2.0,0.9571,1.7637
74.7,3,19.6834,22.7756,2.0,20.0,20.0,2.0,0.9571,1.7637
74.7,4,18.2162,18.2031,2.0,20.0,20.0,2.0,0.9288,1.7637
74.7,5,18.2162,21.7969,2.0,20.0,20.0,2.0,0.9288,1.7637
74.8,1,21.1225,20.0,2.0,20.0,20.0,2.0,0.0,1.7637
74.8,2,19.6834,17.2244,2.0,20.0,20.0,2.0,0.9571,1.7637
74.8,3,19.6834,22.7756,2.0,20.0,20.0,2.0,0.9571,1.7637
74.8,4,18.2162,18.2031,2.0,20.0,20.0,2.0,0.9288,1.7637
74.8,5,18.2162,21.7969,2.0,20.0,20.0,2.0,0.9288,1.7637
74.9,1,21.1225,20.0,2.0,20.0,20.0,2.0,0.0,1.7637
74.9,2,19.6834,17.2244,2.0,20.0,20.0,2.0,0.9571,1.7637
74.9,3,19.6834,22.7756,2.0,20.0,20.0,2.0,0.9571,1.7637
74.9,4,18.2162,18.2031,2.0,20.0,20.0,2.0,0.9288,1.7637
74.9,5,18.2162,21.7969,2.0,20.0,20.0,2.0,0.9288,1.7637
75.0,1,21.1225,20.0,2.0,20.0,20.0,2.0,0.0,1.7637
75.0,2,19.6834,17.2244,2.0,20.0,20.0,2.0,0.9571,1.7637
75.0,3,19.6834,22.7756,2.0,20.0,20.0,2.0,0.9571,1.7637
75.0,4,18.2162,18.2031,2.0,20.0,20.0,2.0,0.9288,1.7637
75.0,5,18.2162,21.7969,2.0,20.0,20.0,2.0,0.9288,1.7637
75.1,1,21.1225,20.0,2.0,20.0,20.0,2.0,0.0,1.7637
75.1,2,19.6834,17.2244,2.0,20.0,20.0,2.0,0.9571,1.7637
75.1,3,19.6834,22.7756,2.0,20.0,20.0,2.0,0.9571,1.7637
75.1,4,18.2162,18.2031,2.0,20.0,20.0,2.0,0.9288,1.7637
75.1,5,18.2162,21.7969,2.0,20.0,20.0,2.0,0.9288,1.7637
75.2,1,21.1225,20.0,2.0,20.0,20.0,2.0,0.0,1.7637
75.2,2,19.6834,17.2244,2.0,20.0,20.0,2.0,0.9571,1.7637
75.2,3,19.6834,22.7756,2.0,20.0,20.0,2.0,0.9571,1.7637
75.2,4,18.2162,18.2031,2.0,20.0,20.0,2.0,0.9288,1.7637
75.2,5,18.2162,21.7969,2.0,20.0,20.0,2.0,0.9288,1.7637
75.3,1,21.1225,20.0,2.0,20.0,20.0,2.0,0.0,1.7637
75.3,2,19.6834,17.2244,2.0,20.0,20.0,2.0,0.9571,1.7637
75.3,3,19.6834,22.7756,2.0,20.0,20.0,2.0,0.9571,1.7637
75.3,4,18.2162,18.2031,2.0,20.0,20.0,2.0,0.9288,1.7637
75.3,5,18.2162,21.7969,2.0,20.0,20.0,2.0,0.9288,1.7637
75.4,1,21.1225,20.0,2.0,20.0,20.0,2.0,0.0,1.7637
75.4,2,19.6834,17.2244,2.0,20.0,20.0,2.0,0.9571,1.7637
75.4,3,19.6834,22.7756,2.0,20.0,20.0,2.0,0.9571,1.7637
75.4,4,18.2162,18.2031,2.0,20.0,20.0,2.0,0.9288,1.7637
75.4,5,18.2162,21.7969,2.0,20.0,20.0,2.0,0.9288,1.7637
75.5,1,21.1225,20.0,2.0,20.0,20.0,2.0,0.0,1.7637
75.5,2,19.6834,17.2244,2.0,20.0,20.0,2.0,0.9571,1.7637
75.5,3,19.6834,22.7756,2.0,20.0,20.0,2.0,0.9571,1.7637
75.5,4,18.2162,18.2031,2.0,20.0,20.0,2.0,0.9288,1.7637
75.5,5,18.2162,21.7969,2.0,20.0,20.0,2.0,0.9288,1.7637
75.6,1,21.1225,20.0,2.0,20.0,20.0,2.0,0.0,1.7637
75.6,2,19.6834,17.2244,2.0,20.0,20.0,2.0,0.9571,1.7637
75.6,3,19.6834,22.7756,2.0,20.0,20.0,2.0,0.9571,1.7637
75.6,4,18.2162,18.2031,2.0,20.0,20.0,2.0,0.9288,1.7637
75.6,5,18.2162,21.7969,2.0,20.0,20.0,2.0,0.9288,1.7637
75.7,1,21.1225,20.0,2.0,20.0,20.0,2.0,0.0,1.7637
75.7,2,19.6834,17.2244,2.0,20.0,20.0,2.0,0.9571,1.7637
75.7,3,19.6834,22.7756,2.0,20.0,20.0,2.0,0.9571,1.7637
75.7,4,18.2162,18.2031,2.0,20.0,20.0,2.0,0.9288,1.7637
75.7,5,18.2162,21.7969,2.0,20.0,20.0,2.0,0.9288,1.7637
75.8,1,21.1225,20.0,2.0,20.0,20.0,2.0,0.0,1.7637
75.8,2,19.6834,17.2244,2.0,20.0,20.0,2.0,0.9571,1.7637
75.8,3,19.6834,22.7756,2.0,20.0,20.0,2.0,0.9571,1.7637
75.8,4,18.2162,18.2031,2.0,20.0,20.0,2.0,0.9288,1.7637
75.8,5,18.2162,21.7969,2.0,20.0,20.0,2.0,0.9288,1.7637
75.9,1,21.1225,20.0,2.0,20.0,20.0,2.0,0.0,1.7637
75.9,2,19.6834,17.2244,2.0,20.0,20.0,2.0,0.9571,1.7637
75.9,3,19.6834,22.7756,2.0,20.0,20.0,2.0,0.9571,1.7637
75.9,4,18.2162,18.2031,2.0,20.0,20.0,2.0,0.9288,1.7637
75.9,5,18.2162,21.7969,2.0,20.0,20.0,2.0,0.9288,1.7637
76.0,1,21.1225,20.0,2.0,20.0,20.0,2.0,0.0,1.7637
76.0,2,19.6834,17.2244,2.0,20.0,20.0,2.0,0.9571,1.7637
76.0,3,19.6834,22.7756,2.0,20.0,20.0,2.0,0.9571,1.7637
76.0,4,18.2162,18.2031,2.0,20.0,20.0,2.0,0.9288,1.7637
76.0,5,18.2162,21.7969,2.0,20.0,20.0,2.0,0.9288,1.7637
76.1,1,21.1225,20.0,2.0,20.0,20.0,2.0,0.0,1.7637
76.1,2,19.6834,17.2244,2.0,20.0,20.0,2.0,0.9571,1.7637
76.1,3,19.6834,22.7756,2.0,20.0,20.0,2.0,0.9571,1.7637
76.1,4,18.2162,18.2031,2.0,20.0,20.0,2.0,0.9288,1.7637
76.1,5,18.2162,21.7969,2.0,20.0,20.0,2.0,0.9288,1.7637
76.2,1,21.1225,20.0,2.0,20.0,20.0,2.0,0.0,1.7637
76.2,2,19.6834,17.2244,2.0,20.0,20.0,2.0,0.9571,1.7637
76.2,3,19.6834,22.7756,2.0,20.0,20.0,2.0,0.9571,1.7637
76.2,4,18.2162,18.2031,2.0,20.0,20.0,2.0,0.9288,1.7637
76.2,5,18.2162,21.7969,2.0,20.0,20.0,2.0,0.9288,1.7637
76.3,1,21.1225,20.0,2.0,20.0,20.0,2.0,0.0,1.7637
76.3,2,19.6834,17.2244,2.0,20.0,20.0,2.0,0.9571,1.7637
76.3,3,19.6834,22.7756,2.0,20.0,20.0,2.0,0.9571,1.7637
76.3,4,18.2162,18.2031,2.0,20.0,20.0,2.0,0.9288,1.7637
76.3,5,18.2162,21.7969,2.0,20.0,20.0,2.0,0.9288,1.7637
76.4,1,21.1225,20.0,2.0,20.0,20.0,2.0,0.0,1.7637
76.4,2,19.6834,17.2244,2.0,20.0,20.0,2.0,0.9571,1.7637
76.4,3,19.6834,22.7756,2.0,20.0,20.0,2.0,0.9571,1.7637
76.4,4,18.2162,18.2031,2.0,20.0,20.0,2.0,0.9288,1.7637
76.4,5,18.2162,21.7969,2.0,20.0,20.0,2.0,0.9288,1.7637
76.5,1,21.1225,20.0,2.0,20.0,20.0,2.0,0.0,1.7637
76.5,2,19.6834,17.2244,2.0,20.0,20.0,2.0,0.9571,1.7637
76.5,3,19.6834,22.7756,2.0,20.0,20.0,2.0,0.9571,1.7637
76.5,4,18.2162,18.2031,2.0,20.0,20.0,2.0,0.9288,1.7637
76.5,5,18.2162,21.7969,2.0,20.0,20.0,2.0,0.9288,1.7637
76.6,1,21.1225,20.0,2.0,20.0,20.0,2.0,0.0,1.7637
76.6,2,19.6834,17.2244,2.0,20.0,20.0,2.0,0.9571,1.7637
76.6,3,19.6834,22.7756,2.0,20.0,20.0,2.0,0.9571,1.7637
76.6,4,18.2162,18.2031,2.0,20.0,20.0,2.0,0.9288,1.7637
76.6,5,18.2162,21.7969,2.0,20.0,20.0,2.0,0.9288,1.7637
76.7,1,21.1225,20.0,2.0,20.0,20.0,2.0,0.0,1.7637
76.7,2,19.6834,17.2244,2.0,20.0,20.0,2.0,0.9571,1.7637
76.7,3,19.6834,22.7756,2.0,20.0,20.0,2.0,0.9571,1.7637
76.7,4,18.2162,18.2031,2.0,20.0,20.0,2.0,0.9288,1.7637
76.7,5,18.2162,21.7969,2.0,20.0,20.0,2.0,0.9288,1.7637
76.8,1,21.1225,20.0,2.0,20.0,20.0,2.0,0.0,1.7637
76.8,2,19.6834,17.2244,2.0,20.0,20.0,2.0,0.9571,1.7637
76.8,3,19.6834,22.7756,2.0,20.0,20.0,2.0,0.9571,1.7637
76.8,4,18.2162,18.2031,2.0,20.0,20.0,2.0,0.9288,1.7637
76.8,5,18.2162,21.7969,2.0,20.0,20.0,2.0,0.9288,1.7637
76.9,1,21.1225,20.0,2.0,20.0,20.0,2.0,0.0,1.7637
76.9,2,19.6834,17.2244,2.0,20.0,20.0,2.0,0.9571,1.7637
76.9,3,19.6834,22.7756,2.0,20.0,20.0,2.0,0.9571,1.7637
76.9,4,18.2162,18.2031,2.0,20.0,20.0,2.0,0.9288,1.7637
76.9,5,18.2162,21.7969,2.0,20.0,20.0,2.0,0.9288,1.7637
77.0,1,21.1225,20.0,2.0,20.0,20.0,2.0,0.0,1.7637
77.0,2,19.6834,17.2244,2.0,20.0,20.0,2.0,0.9571,1.7637
77.0,3,19.6834,22.7756,2.0,20.0,20.0,2.0,0.9571,1.7637
77.0,4,18.2162,18.2031,2.0,20.0,20.0,2.0,0.9288,1.7637
77.0,5,18.2162,21.7969,2.0,20.0,20.0,2.0,0.9288,1.7637
77.1,1,21.1225,20.0,2.0,20.0,20.0,2.0,0.0,1.7637
77.1,2,19.6834,17.2244,2.0,20.0,20.0,2.0,0.9571,1.7637
77.1,3,19.6834,22.7756,2.0,20.0,20.0,2.0,0.9571,1.7637
77.1,4,18.2162,18.2031,2.0,20.0,20.0,2.0,0.9288,1.7637
77.1,5,18.2162,21.7969,2.0,20.0,20.0,2.0,0.9288,1.7637
77.2,1,21.1225,20.0,2.0,20.0,20.0,2.0,0.0,1.7637
77.2,2,19.6834,17.2244,2.0,20.0,20.0,2.0,0.9571,1.7637
77.2,3,19.6834,22.7756,2.0,20.0,20.0,2.0,0.9571,1.7637
77.2,4,18.2162,18.2031,2.0,20.0,20.0,2.0,0.9288,1.7637
77.2,5,18.2162,21.7969,2.0,20.0,20.0,2.0,0.9288,1.7637
77.3,1,21.1225,20.0,2.0,20.0,20.0,2.0,0.0,1.7637
77.3,2,19.6834,17.2244,2.0,20.0,20.0,2.0,0.9571,1.7637
77.3,3,19.6834,22.7756,2.0,20.0,20.0,2.0,0.9571,1.7637
77.3,4,18.2162,18.2031,2.0,20.0,20.0,2.0,0.9288,1.7637
77.3,5,18.2162,21.7969,2.0,20.0,20.0,2.0,0.9288,1.7637
77.4,1,21.1225,20.0,2.0,20.0,20.0,2.0,0.0,1.7637
77.4,2,19.6834,17.2244,2.0,20.0,20.0,2.0,0.9571,1.7637
77.4,3,19.6834,22.7756,2.0,20.0,20.0,2.0,0.9571,1.7637
77.4,4,18.2162,18.2031,2.0,20.0,20.0,2.0,0.9288,1.7637
77.4,5,18.2162,21.7969,2.0,20.0,20.0,2.0,0.9288,1.7637
77.5,1,21.1225,20.0,2.0,20.0,20.0,2.0,0.0,1.7637
77.5,2,19.6834,17.2244,2.0,20.0,20.0,2.0,0.9571,1.7637
77.5,3,19.6834,22.7756,2.0,20.0,20.0,2.0,0.9571,1.7637
77.5,4,18.2162,18.2031,2.0,20.0,20.0,2.0,0.9288,1.7637
77.5,5,18.2162,21.7969,2.0,20.0,20.0,2.0,0.9288,1.7637
77.6,1,21.1225,20.0,2.0,20.0,20.0,2.0,0.0,1.7637
77.6,2,19.6834,17.2244,2.0,20.0,20.0,2.0,0.9571,1.7637
77.6,3,19.6834,22.7756,2.0,20.0,20.0,2.0,0.9571,1.7637
77.6,4,18.2162,18.2031,2.0,20.0,20.0,2.0,0.9288,1.7637
77.6,5,18.2162,21.7969,2.0,20.0,20.0,2.0,0.9288,1.7637
77.7,1,21.1225,20.0,2.0,20.0,20.0,2.0,0.0,1.7637
77.7,2,19.6834,17.2244,2.0,20.0,20.0,2.0,0.9571,1.7637
77.7,3,19.6834,22.7756,2.0,20.0,20.0,2.0,0.9571,1.7637
77.7,4,18.2162,18.2031,2.0,20.0,20.0,2.0,0.9288,1.7637
77.7,5,18.2162,21.7969,2.0,20.0,20.0,2.0,0.9288,1.7637
77.8,1,21.1225,20.0,2.0,20.0,20.0,2.0,0.0,1.7637
77.8,2,19.6834,17.2244,2.0,20.0,20.0,2.0,0.9571,1.7637
77.8,3,19.6834,22.7756,2.0,20.0,20.0,2.0,0.9571,1.7637
77.8,4,18.2162,18.2031,2.0,20.0,20.0,2.0,0.9288,1.7637
77.8,5,18.2162,21.7969,2.0,20.0,20.0,2.0,0.9288,1.7637
77.9,1,21.1225,20.0,2.0,20.0,20.0,2.0,0.0,1.7637
77.9,2,19.6834,17.2244,2.0,20.0,20.0,2.0,0.9571,1.7637
77.9,3,19.6834,22.7756,2.0,20.0,20.0,2.0,0.9571,1.7637
77.9,4,18.2162,18.2031,2.0,20.0,20.0,2.0,0.9288,1.7637
77.9,5,18.2162,21.7969,2.0,20.0,20.0,2.0,0.9288,1.7637
78.0,1,21.1225,20.0,2.0,20.0,20.0,2.0,0.0,1.7637
78.0,2,19.6834,17.2244,2.0,20.0,20.0,2.0,0.9571,1.7637
78.0,3,19.6834,22.7756,2.0,20.0,20.0,2.0,0.9571,1.7637
78.0,4,18.2162,18.2031,2.0,20.0,20.0,2.0,0.9288,1.7637
78.0,5,18.2162,21.7969,2.0,20.0,20.0,2.0,0.9288,1.7637
78.1,1,21.1225,20.0,2.0,20.0,20.0,2.0,0.0,1.7637
78.1,2,19.6834,17.2244,2.0,20.0,20.0,2.0,0.9571,1.7637
78.1,3,19.6834,22.7756,2.0,20.0,20.0,2.0,0.9571,1.7637
78.1,4,18.2162,18.2031,2.0,20.0,20.0,2.0,0.9288,1.7637
78.1,5,18.2162,21.7969,2.0,20.0,20.0,2.0,0.9288,1.7637
78.2,1,21.1225,20.0,2.0,20.0,20.0,2.0,0.0,1.7637
78.2,2,19.6834,17.2244,2.0,20.0,20.0,2.0,0.9571,1.7637
78.2,3,19.6834,22.7756,2.0,20.0,20.0,2.0,0.9571,1.7637
78.2,4,18.2162,18.2031,2.0,20.0,20.0,2.0,0.9288,1.7637
78.2,5,18.2162,21.7969,2.0,20.0,20.0,2.0,0.9288,1.7637
78.3,1,21.1225,20.0,2.0,20.0,20.0,2.0,0.0,1.7637
78.3,2,19.6834,17.2244,2.0,20.0,20.0,2.0,0.9571,1.7637
78.3,3,19.6834,22.7756,2.0,20.0,20.0,2.0,0.9571,1.7637
78.3,4,18.2162,18.2031,2.0,20.0,20.0,2.0,0.9288,1.7637
78.3,5,18.2162,21.7969,2.0,20.0,20.0,2.0,0.9288,1.7637
78.4,1,21.1225,20.0,2.0,20.0,20.0,2.0,0.0,1.7637
78.4,2,19.6834,17.2244,2.0,20.0,20.0,2.0,0.9571,1.7637
78.4,3,19.6834,22.7756,2.0,20.0,20.0,2.0,0.9571,1.7637
78.4,4,18.2162,18.2031,2.0,20.0,20.0,2.0,0.9288,1.7637
78.4,5,18.2162,21.7969,2.0,20.0,20.0,2.0,0.9288,1.7637
78.5,1,21.1225,20.0,2.0,20.0,20.0,2.0,0.0,1.7637
78.5,2,19.6834,17.2244,2.0,20.0,20.0,2.0,0.9571,1.7637
78.5,3,19.6834,22.7756,2.0,20.0,20.0,2.0,0.9571,1.7637
78.5,4,18.2162,18.2031,2.0,20.0,20.0,2.0,0.9288,1.7637
78.5,5,18.2162,21.7969,2.0,20.0,20.0,2.0,0.9288,1.7637
78.6,1,21.1225,20.0,2.0,20.0,20.0,2.0,0.0,1.7637
78.6,2,19.6834,17.2244,2.0,20.0,20.0,2.0,0.9571,1.7637
78.6,3,19.6834,22.7756,2.0,20.0,20.0,2.0,0.9571,1.7637
78.6,4,18.2162,18.2031,2.0,20.0,20.0,2.0,0.9288,1.7637
78.6,5,18.2162,21.7969,2.0,20.0,20.0,2.0,0.9288,1.7637
78.7,1,21.1225,20.0,2.0,20.0,20.0,2.0,0.0,1.7637
78.7,2,19.6834,17.2244,2.0,20.0,20.0,2.0,0.9571,1.7637
78.7,3,19.6834,22.7756,2.0,20.0,20.0,2.0,0.9571,1.7637
78.7,4,18.2162,18.2031,2.0,20.0,20.0,2.0,0.9288,1.7637
78.7,5,18.2162,21.7969,2.0,20.0,20.0,2.0,0.9288,1.7637
78.8,1,21.1225,20.0,2.0,20.0,20.0,2.0,0.0,1.7637
78.8,2,19.6834,17.2244,2.0,20.0,20.0,2.0,0.9571,1.7637
78.8,3,19.6834,22.7756,2.0,20.0,20.0,2.0,0.9571,1.7637
78.8,4,18.2162,18.2031,2.0,20.0,20.0,2.0,0.9288,1.7637
78.8,5,18.2162,21.7969,2.0,20.0,20.0,2.0,0.9288,1.7637
78.9,1,21.1225,20.0,2.0,20.0,20.0,2.0,0.0,1.7637
78.9,2,19.6834,17.2244,2.0,20.0,20.0,2.0,0.9571,1.7637
78.9,3,19.6834,22.7756,2.0,20.0,20.0,2.0,0.9571,1.7637
78.9,4,18.2162,18.2031,2.0,20.0,20.0,2.0,0.9288,1.7637
78.9,5,18.2162,21.7969,2.0,20.0,20.0,2.0,0.9288,1.7637
79.0,1,21.1225,20.0,2.0,20.0,20.0,2.0,0.0,1.7637
79.0,2,19.6834,17.2244,2.0,20.0,20.0,2.0,0.9571,1.7637
79.0,3,19.6834,22.7756,2.0,20.0,20.0,2.0,0.9571,1.7637
79.0,4,18.2162,18.2031,2.0,20.0,20.0,2.0,0.9288,1.7637
79.0,5,18.2162,21.7969,2.0,20.0,20.0,2.0,0.9288,1.7637
79.1,1,21.1225,20.0,2.0,20.0,20.0,2.0,0.0,1.7637
79.1,2,19.6834,17.2244,2.0,20.0,20.0,2.0,0.9571,1.7637
79.1,3,19.6834,22.7756,2.0,20.0,20.0,2.0,0.9571,1.7637
79.1,4,18.2162,18.2031,2.0,20.0,20.0,2.0,0.9288,1.7637
79.1,5,18.2162,21.7969,2.0,20.0,20.0,2.0,0.9288,1.7637
79.2,1,21.1225,20.0,2.0,20.0,20.0,2.0,0.0,1.7637
79.2,2,19.6834,17.2244,2.0,20.0,20.0,2.0,0.9571,1.7637
79.2,3,19.6834,22.7756,2.0,20.0,20.0,2.0,0.9571,1.7637
79.2,4,18.2162,18.2031,2.0,20.0,20.0,2.0,0.9288,1.7637
79.2,5,18.2162,21.7969,2.0,20.0,20.0,2.0,0.9288,1.7637
79.3,1,21.1225,20.0,2.0,20.0,20.0,2.0,0.0,1.7637
79.3,2,19.6834,17.2244,2.0,20.0,20.0,2.0,0.9571,1.7637
79.3,3,19.6834,22.7756,2.0,20.0,20.0,2.0,0.9571,1.7637
79.3,4,18.2162,18.2031,2.0,20.0,20.0,2.0,0.9288,1.7637
79.3,5,18.2162,21.7969,2.0,20.0,20.0,2.0,0.9288,1.7637
79.4,1,21.1225,20.0,2.0,20.0,20.0,2.0,0.0,1.7637
79.4,2,19.6834,17.2244,2.0,20.0,20.0,2.0,0.9571,1.7637
79.4,3,19.6834,22.7756,2.0,20.0,20.0,2.0,0.9571,1.7637
79.4,4,18.2162,18.2031,2.0,20.0,20.0,2.0,0.9288,1.7637
79.4,5,18.2162,21.7969,2.0,20.0,20.0,2.0,0.9288,1.7637
79.5,1,21.1225,20.0,2.0,20.0,20.0,2.0,0.0,1.7637
79.5,2,19.6834,17.2244,2.0,20.0,20.0,2.0,0.9571,1.7637
79.5,3,19.6834,22.7756,2.0,20.0,20.0,2.0,0.9571,1.7637
79.5,4,18.2162,18.2031,2.0,20.0,20.0,2.0,0.9288,1.7637
79.5,5,18.2162,21.7969,2.0,20.0,20.0,2.0,0.9288,1.7637
79.6,1,21.1225,20.0,2.0,20.0,20.0,2.0,0.0,1.7637
79.6,2,19.6834,17.2244,2.0,20.0,20.0,2.0,0.9571,1.7637
79.6,3,19.6834,22.7756,2.0,20.0,20.0,2.0,0.9571,1.7637
79.6,4,18.2162,18.2031,2.0,20.0,20.0,2.0,0.9288,1.7637
79.6,5,18.2162,21.7969,2.0,20.0,20.0,2.0,0.9288,1.7637
79.7,1,21.1225,20.0,2.0,20.0,20.0,2.0,0.0,1.7637
79.7,2,19.6834,17.2244,2.0,20.0,20.0,2.0,0.9571,1.7637
79.7,3,19.6834,22.7756,2.0,20.0,20.0,2.0,0.9571,1.7637
79.7,4,18.2162,18.2031,2.0,20.0,20.0,2.0,0.9288,1.7637
79.7,5,18.2162,21.7969,2.0,20.0,20.0,2.0,0.9288,1.7637
79.8,1,21.1225,20.0,2.0,20.0,20.0,2.0,0.0,1.7637
79.8,2,19.6834,17.2244,2.0,20.0,20.0,2.0,0.9571,1.7637
79.8,3,19.6834,22.7756,2.0,20.0,20.0,2.0,0.9571,1.7637
79.8,4,18.2162,18.2031,2.0,20.0,20.0,2.0,0.9288,1.7637
79.8,5,18.2162,21.7969,2.0,20.0,20.0,2.0,0.9288,1.7637
79.9,1,21.1225,20.0,2.0,20.0,20.0,2.0,0.0,1.7637
79.9,2,19.6834,17.2244,2.0,20.0,20.0,2.0,0.9571,1.7637
79.9,3,19.6834,22.7756,2.0,20.0,20.0,2.0,0.9571,1.7637
79.9,4,18.2162,18.2031,2.0,20.0,20.0,2.0,0.9288,1.7637
79.9,5,18.2162,21.7969,2.0,20.0,20.0,2.0,0.9288,1.7637
80.0,1,21.1225,20.0,2.0,20.0,20.0,2.0,0.0,1.7637
80.0,2,19.6834,17.2244,2.0,20.0,20.0,2.0,0.9571,1.7637
80.0,3,19.6834,22.7756,2.0,20.0,20.0,2.0,0.9571,1.7637
80.0,4,18.2162,18.2031,2.0,20.0,20.0,2.0,0.9288,1.7637
80.0,5,18.2162,21.7969,2.0,20.0,20.0,2.0,0.9288,1.7637
